AT1G21750.2	8d76d43da0f6d3c90a8efd7f148ea2cf	487	SUPERFAMILY	SSF52833		32	142	3.71E-33	T	24-02-2017	IPR012336	Thioredoxin-like fold
AT1G21750.2	8d76d43da0f6d3c90a8efd7f148ea2cf	487	SUPERFAMILY	SSF52833		147	252	4.48E-16	T	24-02-2017	IPR012336	Thioredoxin-like fold
AT1G21750.2	8d76d43da0f6d3c90a8efd7f148ea2cf	487	ProSiteProfiles	PS51352	Thioredoxin domain profile.	354	482	15.043	T	24-02-2017	IPR013766	Thioredoxin domain
AT1G21750.2	8d76d43da0f6d3c90a8efd7f148ea2cf	487	SUPERFAMILY	SSF52833		257	373	6.65E-20	T	24-02-2017	IPR012336	Thioredoxin-like fold
AT1G21750.2	8d76d43da0f6d3c90a8efd7f148ea2cf	487	ProSiteProfiles	PS51352	Thioredoxin domain profile.	12	141	15.467	T	24-02-2017	IPR013766	Thioredoxin domain
AT1G21750.2	8d76d43da0f6d3c90a8efd7f148ea2cf	487	ProSitePatterns	PS00194	Thioredoxin family active site.	51	69	-	T	24-02-2017	IPR017937	Thioredoxin, conserved site
AT1G21750.2	8d76d43da0f6d3c90a8efd7f148ea2cf	487	Pfam	PF00085	Thioredoxin	32	138	3.4E-30	T	24-02-2017	IPR013766	Thioredoxin domain
AT1G21750.2	8d76d43da0f6d3c90a8efd7f148ea2cf	487	Pfam	PF00085	Thioredoxin	376	477	2.5E-23	T	24-02-2017	IPR013766	Thioredoxin domain
AT1G21750.2	8d76d43da0f6d3c90a8efd7f148ea2cf	487	SUPERFAMILY	SSF52833		336	478	1.65E-31	T	24-02-2017	IPR012336	Thioredoxin-like fold
AT1G21750.2	8d76d43da0f6d3c90a8efd7f148ea2cf	487	ProSitePatterns	PS00194	Thioredoxin family active site.	396	414	-	T	24-02-2017	IPR017937	Thioredoxin, conserved site
AT1G21750.2	8d76d43da0f6d3c90a8efd7f148ea2cf	487	Pfam	PF13848	Thioredoxin-like domain	168	353	3.5E-21	T	24-02-2017
AT3G02730.1	b84f8fa866040737d241243e7bfa0d45	178	Pfam	PF00085	Thioredoxin	70	170	5.1E-24	T	24-02-2017	IPR013766	Thioredoxin domain
AT3G02730.1	b84f8fa866040737d241243e7bfa0d45	178	ProSitePatterns	PS00194	Thioredoxin family active site.	91	109	-	T	24-02-2017	IPR017937	Thioredoxin, conserved site
AT3G02730.1	b84f8fa866040737d241243e7bfa0d45	178	ProSiteProfiles	PS51352	Thioredoxin domain profile.	49	174	12.846	T	24-02-2017	IPR013766	Thioredoxin domain
AT3G02730.1	b84f8fa866040737d241243e7bfa0d45	178	SUPERFAMILY	SSF52833		63	172	2.87E-31	T	24-02-2017	IPR012336	Thioredoxin-like fold
AT1G50950.1	830dafdbec0b05c876a1f1acabde7208	484	Pfam	PF13850	Endoplasmic Reticulum-Golgi Intermediate Compartment (ERGIC)	7	97	1.9E-24	T	24-02-2017
AT1G50950.1	830dafdbec0b05c876a1f1acabde7208	484	Pfam	PF00085	Thioredoxin	147	243	3.5E-13	T	24-02-2017	IPR013766	Thioredoxin domain
AT1G50950.1	830dafdbec0b05c876a1f1acabde7208	484	SUPERFAMILY	SSF52833		146	264	2.18E-22	T	24-02-2017	IPR012336	Thioredoxin-like fold
AT1G50950.1	830dafdbec0b05c876a1f1acabde7208	484	ProSiteProfiles	PS51352	Thioredoxin domain profile.	111	264	10.807	T	24-02-2017	IPR013766	Thioredoxin domain
AT1G50950.1	830dafdbec0b05c876a1f1acabde7208	484	Pfam	PF07970	Endoplasmic reticulum vesicle transporter	288	465	7.5E-26	T	24-02-2017	IPR012936	Endoplasmic reticulum vesicle transporter, C-terminal
AT4G12170.1	af6ee78457cac9c0ddc310f9ca530316	128	SUPERFAMILY	SSF52833		6	117	7.66E-22	T	24-02-2017	IPR012336	Thioredoxin-like fold
AT4G12170.1	af6ee78457cac9c0ddc310f9ca530316	128	Pfam	PF00085	Thioredoxin	26	115	9.8E-16	T	24-02-2017	IPR013766	Thioredoxin domain
AT1G08570.3	262d040023d5d8360def596510960f00	177	SUPERFAMILY	SSF52833		2	108	4.34E-24	T	24-02-2017	IPR012336	Thioredoxin-like fold
AT1G08570.3	262d040023d5d8360def596510960f00	177	Pfam	PF00085	Thioredoxin	16	86	3.4E-14	T	24-02-2017	IPR013766	Thioredoxin domain
AT1G08570.3	262d040023d5d8360def596510960f00	177	ProSiteProfiles	PS51352	Thioredoxin domain profile.	1	108	9.974	T	24-02-2017	IPR013766	Thioredoxin domain
AT5G60640.2	9496170088c6c2c7d22482962a025c12	536	SUPERFAMILY	SSF52833		96	208	5.79E-37	T	24-02-2017	IPR012336	Thioredoxin-like fold
AT5G60640.2	9496170088c6c2c7d22482962a025c12	536	SUPERFAMILY	SSF52833		405	526	3.15E-25	T	24-02-2017	IPR012336	Thioredoxin-like fold
AT5G60640.2	9496170088c6c2c7d22482962a025c12	536	ProSiteProfiles	PS51352	Thioredoxin domain profile.	429	536	11.099	T	24-02-2017	IPR013766	Thioredoxin domain
AT5G60640.2	9496170088c6c2c7d22482962a025c12	536	Pfam	PF00085	Thioredoxin	105	205	1.4E-31	T	24-02-2017	IPR013766	Thioredoxin domain
AT5G60640.2	9496170088c6c2c7d22482962a025c12	536	Pfam	PF00085	Thioredoxin	443	528	7.8E-21	T	24-02-2017	IPR013766	Thioredoxin domain
AT5G60640.2	9496170088c6c2c7d22482962a025c12	536	ProSiteProfiles	PS51352	Thioredoxin domain profile.	85	208	17.347	T	24-02-2017	IPR013766	Thioredoxin domain
AT5G60640.2	9496170088c6c2c7d22482962a025c12	536	ProSitePatterns	PS00194	Thioredoxin family active site.	124	142	-	T	24-02-2017	IPR017937	Thioredoxin, conserved site
AT5G60640.2	9496170088c6c2c7d22482962a025c12	536	Pfam	PF13848	Thioredoxin-like domain	248	417	2.8E-29	T	24-02-2017
AT5G60640.2	9496170088c6c2c7d22482962a025c12	536	ProSitePatterns	PS00194	Thioredoxin family active site.	463	481	-	T	24-02-2017	IPR017937	Thioredoxin, conserved site
AT5G60640.2	9496170088c6c2c7d22482962a025c12	536	SUPERFAMILY	SSF52833		212	322	8.41E-15	T	24-02-2017	IPR012336	Thioredoxin-like fold
AT5G60640.2	9496170088c6c2c7d22482962a025c12	536	SUPERFAMILY	SSF52833		310	440	3.46E-22	T	24-02-2017	IPR012336	Thioredoxin-like fold
AT2G42580.1	419debaadb5550531e0f384a94dbdc75	691	ProSiteProfiles	PS50005	TPR repeat profile.	412	445	5.517	T	24-02-2017	IPR019734	Tetratricopeptide repeat
AT2G42580.1	419debaadb5550531e0f384a94dbdc75	691	ProSiteProfiles	PS50005	TPR repeat profile.	220	253	10.119	T	24-02-2017	IPR019734	Tetratricopeptide repeat
AT2G42580.1	419debaadb5550531e0f384a94dbdc75	691	ProSiteProfiles	PS50005	TPR repeat profile.	526	559	6.461	T	24-02-2017	IPR019734	Tetratricopeptide repeat
AT2G42580.1	419debaadb5550531e0f384a94dbdc75	691	ProSiteProfiles	PS50293	TPR repeat region circular profile.	458	559	14.28	T	24-02-2017	IPR013026	Tetratricopeptide repeat-containing domain
AT2G42580.1	419debaadb5550531e0f384a94dbdc75	691	SUPERFAMILY	SSF52833		495	690	4.03E-24	T	24-02-2017	IPR012336	Thioredoxin-like fold
AT2G42580.1	419debaadb5550531e0f384a94dbdc75	691	ProSiteProfiles	PS50005	TPR repeat profile.	254	287	5.93	T	24-02-2017	IPR019734	Tetratricopeptide repeat
AT2G42580.1	419debaadb5550531e0f384a94dbdc75	691	SUPERFAMILY	SSF48452		328	455	7.59E-6	T	24-02-2017	IPR011990	Tetratricopeptide-like helical domain
AT2G42580.1	419debaadb5550531e0f384a94dbdc75	691	Pfam	PF13432	Tetratricopeptide repeat	227	287	7.3E-5	T	24-02-2017
AT2G42580.1	419debaadb5550531e0f384a94dbdc75	691	SUPERFAMILY	SSF48452		220	310	6.27E-22	T	24-02-2017	IPR011990	Tetratricopeptide-like helical domain
AT2G42580.1	419debaadb5550531e0f384a94dbdc75	691	ProSiteProfiles	PS50005	TPR repeat profile.	492	525	6.195	T	24-02-2017	IPR019734	Tetratricopeptide repeat
AT2G42580.1	419debaadb5550531e0f384a94dbdc75	691	ProSiteProfiles	PS50293	TPR repeat region circular profile.	220	307	17.109	T	24-02-2017	IPR013026	Tetratricopeptide repeat-containing domain
AT2G42580.1	419debaadb5550531e0f384a94dbdc75	691	Pfam	PF00085	Thioredoxin	595	685	9.9E-9	T	24-02-2017	IPR013766	Thioredoxin domain
AT2G41680.1	784f980f285ae483b363310a8f6018d2	529	ProSiteProfiles	PS51352	Thioredoxin domain profile.	403	529	11.575	T	24-02-2017	IPR013766	Thioredoxin domain
AT2G41680.1	784f980f285ae483b363310a8f6018d2	529	ProSitePatterns	PS00573	Pyridine nucleotide-disulphide oxidoreductases class-II active site.	217	239	-	T	24-02-2017	IPR008255	Pyridine nucleotide-disulphide oxidoreductase, class-II, active site
AT2G41680.1	784f980f285ae483b363310a8f6018d2	529	SUPERFAMILY	SSF51905		84	391	1.84E-49	T	24-02-2017	IPR023753	FAD/NAD(P)-binding domain
AT2G41680.1	784f980f285ae483b363310a8f6018d2	529	SUPERFAMILY	SSF52833		440	528	4.22E-23	T	24-02-2017	IPR012336	Thioredoxin-like fold
AT2G41680.1	784f980f285ae483b363310a8f6018d2	529	Pfam	PF00085	Thioredoxin	441	527	6.0E-17	T	24-02-2017	IPR013766	Thioredoxin domain
AT2G41680.1	784f980f285ae483b363310a8f6018d2	529	ProSitePatterns	PS00194	Thioredoxin family active site.	446	464	-	T	24-02-2017	IPR017937	Thioredoxin, conserved site
AT2G41680.1	784f980f285ae483b363310a8f6018d2	529	Pfam	PF07992	Pyridine nucleotide-disulphide oxidoreductase	85	380	2.1E-48	T	24-02-2017	IPR023753	FAD/NAD(P)-binding domain
AT1G07960.1	ca43c23732a5d38eaf708254999a0319	146	SUPERFAMILY	SSF52833		17	131	6.51E-32	T	24-02-2017	IPR012336	Thioredoxin-like fold
AT1G07960.1	ca43c23732a5d38eaf708254999a0319	146	Pfam	PF00085	Thioredoxin	27	129	4.2E-25	T	24-02-2017	IPR013766	Thioredoxin domain
AT1G07960.1	ca43c23732a5d38eaf708254999a0319	146	Coils	Coil		129	146	-	T	24-02-2017
AT1G07960.1	ca43c23732a5d38eaf708254999a0319	146	ProSiteProfiles	PS51352	Thioredoxin domain profile.	3	133	11.119	T	24-02-2017	IPR013766	Thioredoxin domain
AT2G47470.4	52acea9db89f87883e861295d26d32fb	335	SUPERFAMILY	SSF52833		19	128	3.57E-37	T	24-02-2017	IPR012336	Thioredoxin-like fold
AT2G47470.4	52acea9db89f87883e861295d26d32fb	335	ProSiteProfiles	PS51352	Thioredoxin domain profile.	16	131	16.956	T	24-02-2017	IPR013766	Thioredoxin domain
AT2G47470.4	52acea9db89f87883e861295d26d32fb	335	ProSiteProfiles	PS51352	Thioredoxin domain profile.	132	250	16.645	T	24-02-2017	IPR013766	Thioredoxin domain
AT2G47470.4	52acea9db89f87883e861295d26d32fb	335	SUPERFAMILY	SSF47933		263	333	1.96E-16	T	24-02-2017	IPR011679	Endoplasmic reticulum, protein ERp29, C-terminal
AT2G47470.4	52acea9db89f87883e861295d26d32fb	335	SUPERFAMILY	SSF52833		141	251	7.81E-39	T	24-02-2017	IPR012336	Thioredoxin-like fold
AT2G47470.4	52acea9db89f87883e861295d26d32fb	335	ProSitePatterns	PS00194	Thioredoxin family active site.	163	181	-	T	24-02-2017	IPR017937	Thioredoxin, conserved site
AT2G47470.4	52acea9db89f87883e861295d26d32fb	335	Pfam	PF07749	Endoplasmic reticulum protein ERp29, C-terminal domain	291	331	1.3E-8	T	24-02-2017	IPR011679	Endoplasmic reticulum, protein ERp29, C-terminal
AT2G47470.4	52acea9db89f87883e861295d26d32fb	335	Pfam	PF00085	Thioredoxin	143	247	3.9E-33	T	24-02-2017	IPR013766	Thioredoxin domain
AT2G47470.4	52acea9db89f87883e861295d26d32fb	335	Pfam	PF00085	Thioredoxin	25	128	9.4E-33	T	24-02-2017	IPR013766	Thioredoxin domain
AT2G47470.4	52acea9db89f87883e861295d26d32fb	335	ProSitePatterns	PS00194	Thioredoxin family active site.	44	62	-	T	24-02-2017	IPR017937	Thioredoxin, conserved site
AT3G14950.1	51c3e0b8d21d7f54ddffbb989130583e	721	ProSiteProfiles	PS50005	TPR repeat profile.	450	483	6.785	T	24-02-2017	IPR019734	Tetratricopeptide repeat
AT3G14950.1	51c3e0b8d21d7f54ddffbb989130583e	721	SUPERFAMILY	SSF52833		648	717	2.24E-6	T	24-02-2017	IPR012336	Thioredoxin-like fold
AT3G14950.1	51c3e0b8d21d7f54ddffbb989130583e	721	SUPERFAMILY	SSF48452		500	613	2.66E-22	T	24-02-2017	IPR011990	Tetratricopeptide-like helical domain
AT3G14950.1	51c3e0b8d21d7f54ddffbb989130583e	721	SUPERFAMILY	SSF48452		257	360	9.83E-28	T	24-02-2017	IPR011990	Tetratricopeptide-like helical domain
AT3G14950.1	51c3e0b8d21d7f54ddffbb989130583e	721	SUPERFAMILY	SSF48452		402	485	9.83E-28	T	24-02-2017	IPR011990	Tetratricopeptide-like helical domain
AT3G14950.1	51c3e0b8d21d7f54ddffbb989130583e	721	Pfam	PF00085	Thioredoxin	649	717	9.0E-7	T	24-02-2017	IPR013766	Thioredoxin domain
AT3G14950.1	51c3e0b8d21d7f54ddffbb989130583e	721	ProSiteProfiles	PS50005	TPR repeat profile.	496	529	7.641	T	24-02-2017	IPR019734	Tetratricopeptide repeat
AT3G14950.1	51c3e0b8d21d7f54ddffbb989130583e	721	Pfam	PF13432	Tetratricopeptide repeat	501	550	3.1E-5	T	24-02-2017
AT3G14950.1	51c3e0b8d21d7f54ddffbb989130583e	721	ProSiteProfiles	PS50005	TPR repeat profile.	564	597	5.251	T	24-02-2017	IPR019734	Tetratricopeptide repeat
AT3G14950.1	51c3e0b8d21d7f54ddffbb989130583e	721	ProSiteProfiles	PS50293	TPR repeat region circular profile.	258	597	19.939	T	24-02-2017	IPR013026	Tetratricopeptide repeat-containing domain
AT3G14950.1	51c3e0b8d21d7f54ddffbb989130583e	721	Pfam	PF13414	TPR repeat	265	306	1.7E-8	T	24-02-2017	IPR011990	Tetratricopeptide-like helical domain
AT3G14950.1	51c3e0b8d21d7f54ddffbb989130583e	721	ProSiteProfiles	PS50005	TPR repeat profile.	292	325	7.08	T	24-02-2017	IPR019734	Tetratricopeptide repeat
AT3G14950.1	51c3e0b8d21d7f54ddffbb989130583e	721	ProSiteProfiles	PS50005	TPR repeat profile.	530	563	5.104	T	24-02-2017	IPR019734	Tetratricopeptide repeat
AT3G14950.1	51c3e0b8d21d7f54ddffbb989130583e	721	Pfam	PF13181	Tetratricopeptide repeat	457	483	0.055	T	24-02-2017	IPR019734	Tetratricopeptide repeat
AT3G14950.1	51c3e0b8d21d7f54ddffbb989130583e	721	ProSiteProfiles	PS50005	TPR repeat profile.	258	291	10.414	T	24-02-2017	IPR019734	Tetratricopeptide repeat
AT1G50320.1	ff3bb956b9f09c07d87ab50feec4e601	182	SUPERFAMILY	SSF52833		67	178	5.68E-33	T	24-02-2017	IPR012336	Thioredoxin-like fold
AT1G50320.1	ff3bb956b9f09c07d87ab50feec4e601	182	ProSiteProfiles	PS51352	Thioredoxin domain profile.	20	177	14.249	T	24-02-2017	IPR013766	Thioredoxin domain
AT1G50320.1	ff3bb956b9f09c07d87ab50feec4e601	182	Pfam	PF00085	Thioredoxin	72	173	1.2E-27	T	24-02-2017	IPR013766	Thioredoxin domain
AT1G56500.1	143826581fc5756e460251e8b2546a47	1055	Pfam	PF13905	Thioredoxin-like	419	514	5.9E-12	T	24-02-2017	IPR012336	Thioredoxin-like fold
AT1G56500.1	143826581fc5756e460251e8b2546a47	1055	SUPERFAMILY	SSF101898		561	890	3.4E-41	T	24-02-2017
AT1G56500.1	143826581fc5756e460251e8b2546a47	1055	Pfam	PF13419	Haloacid dehalogenase-like hydrolase	77	260	1.3E-27	T	24-02-2017	IPR023214	HAD-like domain
AT1G56500.1	143826581fc5756e460251e8b2546a47	1055	ProSiteProfiles	PS51352	Thioredoxin domain profile.	359	536	12.919	T	24-02-2017	IPR013766	Thioredoxin domain
AT1G56500.1	143826581fc5756e460251e8b2546a47	1055	SUPERFAMILY	SSF52833		394	531	1.01E-26	T	24-02-2017	IPR012336	Thioredoxin-like fold
AT1G56500.1	143826581fc5756e460251e8b2546a47	1055	Pfam	PF01436	NHL repeat	622	647	2.6E-6	T	24-02-2017	IPR001258	NHL repeat
AT1G56500.1	143826581fc5756e460251e8b2546a47	1055	Pfam	PF01436	NHL repeat	857	881	9.2E-5	T	24-02-2017	IPR001258	NHL repeat
AT1G56500.1	143826581fc5756e460251e8b2546a47	1055	SUPERFAMILY	SSF56784		45	284	9.95E-47	T	24-02-2017	IPR023214	HAD-like domain
AT3G58620.1	8f909e610c2fef7eee84060acd8c88ac	682	ProSiteProfiles	PS50005	TPR repeat profile.	483	516	7.493	T	24-02-2017	IPR019734	Tetratricopeptide repeat
AT3G58620.1	8f909e610c2fef7eee84060acd8c88ac	682	ProSiteProfiles	PS50005	TPR repeat profile.	211	244	11.535	T	24-02-2017	IPR019734	Tetratricopeptide repeat
AT3G58620.1	8f909e610c2fef7eee84060acd8c88ac	682	Pfam	PF00085	Thioredoxin	613	669	2.7E-7	T	24-02-2017	IPR013766	Thioredoxin domain
AT3G58620.1	8f909e610c2fef7eee84060acd8c88ac	682	Pfam	PF13414	TPR repeat	218	259	4.8E-9	T	24-02-2017	IPR011990	Tetratricopeptide-like helical domain
AT3G58620.1	8f909e610c2fef7eee84060acd8c88ac	682	Pfam	PF00515	Tetratricopeptide repeat	485	516	2.0E-7	T	24-02-2017	IPR001440	Tetratricopeptide repeat 1
AT3G58620.1	8f909e610c2fef7eee84060acd8c88ac	682	SUPERFAMILY	SSF52833		486	681	1.36E-26	T	24-02-2017	IPR012336	Thioredoxin-like fold
AT3G58620.1	8f909e610c2fef7eee84060acd8c88ac	682	ProSiteProfiles	PS50005	TPR repeat profile.	402	435	6.549	T	24-02-2017	IPR019734	Tetratricopeptide repeat
AT3G58620.1	8f909e610c2fef7eee84060acd8c88ac	682	Pfam	PF13174	Tetratricopeptide repeat	519	548	0.0057	T	24-02-2017	IPR019734	Tetratricopeptide repeat
AT3G58620.1	8f909e610c2fef7eee84060acd8c88ac	682	ProSiteProfiles	PS50005	TPR repeat profile.	517	550	6.697	T	24-02-2017	IPR019734	Tetratricopeptide repeat
AT3G58620.1	8f909e610c2fef7eee84060acd8c88ac	682	ProSiteProfiles	PS50005	TPR repeat profile.	449	482	5.251	T	24-02-2017	IPR019734	Tetratricopeptide repeat
AT3G58620.1	8f909e610c2fef7eee84060acd8c88ac	682	SUPERFAMILY	SSF48452		211	303	4.37E-26	T	24-02-2017	IPR011990	Tetratricopeptide-like helical domain
AT3G58620.1	8f909e610c2fef7eee84060acd8c88ac	682	SUPERFAMILY	SSF48452		355	435	4.37E-26	T	24-02-2017	IPR011990	Tetratricopeptide-like helical domain
AT3G58620.1	8f909e610c2fef7eee84060acd8c88ac	682	ProSiteProfiles	PS50005	TPR repeat profile.	245	278	5.959	T	24-02-2017	IPR019734	Tetratricopeptide repeat
AT3G58620.1	8f909e610c2fef7eee84060acd8c88ac	682	ProSiteProfiles	PS50293	TPR repeat region circular profile.	211	550	21.994	T	24-02-2017	IPR013026	Tetratricopeptide repeat-containing domain
AT1G76080.1	a2a9581cc708dfa1be6fa1042307ae78	302	SUPERFAMILY	SSF52833		180	289	7.75E-20	T	24-02-2017	IPR012336	Thioredoxin-like fold
AT1G76080.1	a2a9581cc708dfa1be6fa1042307ae78	302	SUPERFAMILY	SSF52833		77	174	3.42E-11	T	24-02-2017	IPR012336	Thioredoxin-like fold
AT1G76080.1	a2a9581cc708dfa1be6fa1042307ae78	302	Pfam	PF00085	Thioredoxin	208	288	4.8E-10	T	24-02-2017	IPR013766	Thioredoxin domain
AT1G76080.1	a2a9581cc708dfa1be6fa1042307ae78	302	Pfam	PF00085	Thioredoxin	78	173	3.4E-6	T	24-02-2017	IPR013766	Thioredoxin domain
AT1G07700.3	e27ba9825b477aa3cbbf5563d7ffc407	217	ProSiteProfiles	PS51352	Thioredoxin domain profile.	76	214	10.146	T	24-02-2017	IPR013766	Thioredoxin domain
AT1G07700.3	e27ba9825b477aa3cbbf5563d7ffc407	217	Pfam	PF00085	Thioredoxin	118	209	1.3E-12	T	24-02-2017	IPR013766	Thioredoxin domain
AT1G07700.3	e27ba9825b477aa3cbbf5563d7ffc407	217	SUPERFAMILY	SSF52833		66	212	1.27E-19	T	24-02-2017	IPR012336	Thioredoxin-like fold
AT4G29670.1	0b0b18ea479f40d07b3eb24fc322f5c6	235	SUPERFAMILY	SSF52833		97	190	3.11E-24	T	24-02-2017	IPR012336	Thioredoxin-like fold
AT4G29670.1	0b0b18ea479f40d07b3eb24fc322f5c6	235	ProSiteProfiles	PS51352	Thioredoxin domain profile.	71	212	10.807	T	24-02-2017	IPR013766	Thioredoxin domain
AT4G29670.1	0b0b18ea479f40d07b3eb24fc322f5c6	235	Pfam	PF00085	Thioredoxin	108	195	3.0E-17	T	24-02-2017	IPR013766	Thioredoxin domain
AT4G29670.1	0b0b18ea479f40d07b3eb24fc322f5c6	235	ProSitePatterns	PS00194	Thioredoxin family active site.	127	145	-	T	24-02-2017	IPR017937	Thioredoxin, conserved site
AT4G04950.1	8256442daf0df5459a9025bca8a60df2	488	ProSiteProfiles	PS51354	Glutaredoxin domain profile.	154	256	25.595	T	24-02-2017	IPR002109	Glutaredoxin
AT4G04950.1	8256442daf0df5459a9025bca8a60df2	488	Pfam	PF00462	Glutaredoxin	166	229	2.9E-17	T	24-02-2017	IPR002109	Glutaredoxin
AT4G04950.1	8256442daf0df5459a9025bca8a60df2	488	Pfam	PF00462	Glutaredoxin	403	467	6.1E-16	T	24-02-2017	IPR002109	Glutaredoxin
AT4G04950.1	8256442daf0df5459a9025bca8a60df2	488	Pfam	PF00462	Glutaredoxin	296	359	4.1E-14	T	24-02-2017	IPR002109	Glutaredoxin
AT4G04950.1	8256442daf0df5459a9025bca8a60df2	488	SUPERFAMILY	SSF52833		284	383	7.88E-29	T	24-02-2017	IPR012336	Thioredoxin-like fold
AT4G04950.1	8256442daf0df5459a9025bca8a60df2	488	ProSiteProfiles	PS51352	Thioredoxin domain profile.	1	107	10.298	T	24-02-2017	IPR013766	Thioredoxin domain
AT4G04950.1	8256442daf0df5459a9025bca8a60df2	488	SUPERFAMILY	SSF52833		389	487	5.51E-30	T	24-02-2017	IPR012336	Thioredoxin-like fold
AT4G04950.1	8256442daf0df5459a9025bca8a60df2	488	SUPERFAMILY	SSF52833		2	95	8.15E-26	T	24-02-2017	IPR012336	Thioredoxin-like fold
AT4G04950.1	8256442daf0df5459a9025bca8a60df2	488	ProSiteProfiles	PS51354	Glutaredoxin domain profile.	284	386	24.283	T	24-02-2017	IPR002109	Glutaredoxin
AT4G04950.1	8256442daf0df5459a9025bca8a60df2	488	SUPERFAMILY	SSF52833		154	255	4.29E-32	T	24-02-2017	IPR012336	Thioredoxin-like fold
AT4G04950.1	8256442daf0df5459a9025bca8a60df2	488	ProSiteProfiles	PS51354	Glutaredoxin domain profile.	391	488	24.837	T	24-02-2017	IPR002109	Glutaredoxin
AT4G04950.1	8256442daf0df5459a9025bca8a60df2	488	Pfam	PF00085	Thioredoxin	16	102	3.1E-15	T	24-02-2017	IPR013766	Thioredoxin domain
AT2G01270.1	ef1449262c69ffc0545f8cbcff1c3c1e	495	ProSiteProfiles	PS51324	ERV/ALR sulfhydryl oxidase domain profile.	290	392	22.911	T	24-02-2017	IPR017905	ERV/ALR sulfhydryl oxidase domain
AT2G01270.1	ef1449262c69ffc0545f8cbcff1c3c1e	495	SUPERFAMILY	SSF52833		35	164	3.98E-22	T	24-02-2017	IPR012336	Thioredoxin-like fold
AT2G01270.1	ef1449262c69ffc0545f8cbcff1c3c1e	495	Pfam	PF00085	Thioredoxin	38	130	2.4E-13	T	24-02-2017	IPR013766	Thioredoxin domain
AT2G01270.1	ef1449262c69ffc0545f8cbcff1c3c1e	495	ProSitePatterns	PS00194	Thioredoxin family active site.	58	76	-	T	24-02-2017	IPR017937	Thioredoxin, conserved site
AT2G01270.1	ef1449262c69ffc0545f8cbcff1c3c1e	495	SUPERFAMILY	SSF69000		291	395	1.44E-24	T	24-02-2017	IPR017905	ERV/ALR sulfhydryl oxidase domain
AT2G01270.1	ef1449262c69ffc0545f8cbcff1c3c1e	495	ProSiteProfiles	PS51352	Thioredoxin domain profile.	29	164	12.052	T	24-02-2017	IPR013766	Thioredoxin domain
AT2G01270.1	ef1449262c69ffc0545f8cbcff1c3c1e	495	Pfam	PF04777	Erv1 / Alr family	299	393	7.1E-19	T	24-02-2017	IPR017905	ERV/ALR sulfhydryl oxidase domain
AT2G47470.1	869096e112ea727b7c5b3454765ee45c	361	Pfam	PF00085	Thioredoxin	25	128	1.1E-32	T	24-02-2017	IPR013766	Thioredoxin domain
AT2G47470.1	869096e112ea727b7c5b3454765ee45c	361	Pfam	PF00085	Thioredoxin	143	247	4.5E-33	T	24-02-2017	IPR013766	Thioredoxin domain
AT2G47470.1	869096e112ea727b7c5b3454765ee45c	361	ProSiteProfiles	PS51352	Thioredoxin domain profile.	16	131	16.956	T	24-02-2017	IPR013766	Thioredoxin domain
AT2G47470.1	869096e112ea727b7c5b3454765ee45c	361	ProSiteProfiles	PS51352	Thioredoxin domain profile.	132	250	16.645	T	24-02-2017	IPR013766	Thioredoxin domain
AT2G47470.1	869096e112ea727b7c5b3454765ee45c	361	SUPERFAMILY	SSF52833		141	251	9.19E-39	T	24-02-2017	IPR012336	Thioredoxin-like fold
AT2G47470.1	869096e112ea727b7c5b3454765ee45c	361	SUPERFAMILY	SSF52833		19	128	4.23E-37	T	24-02-2017	IPR012336	Thioredoxin-like fold
AT2G47470.1	869096e112ea727b7c5b3454765ee45c	361	ProSitePatterns	PS00194	Thioredoxin family active site.	163	181	-	T	24-02-2017	IPR017937	Thioredoxin, conserved site
AT2G47470.1	869096e112ea727b7c5b3454765ee45c	361	SUPERFAMILY	SSF47933		263	359	1.96E-27	T	24-02-2017	IPR011679	Endoplasmic reticulum, protein ERp29, C-terminal
AT2G47470.1	869096e112ea727b7c5b3454765ee45c	361	ProSitePatterns	PS00194	Thioredoxin family active site.	44	62	-	T	24-02-2017	IPR017937	Thioredoxin, conserved site
AT2G47470.1	869096e112ea727b7c5b3454765ee45c	361	Pfam	PF07749	Endoplasmic reticulum protein ERp29, C-terminal domain	264	357	1.5E-22	T	24-02-2017	IPR011679	Endoplasmic reticulum, protein ERp29, C-terminal
AT1G08570.1	8466a525f4f5ae341276eede523e19d5	275	SUPERFAMILY	SSF52833		88	206	2.09E-26	T	24-02-2017	IPR012336	Thioredoxin-like fold
AT1G08570.1	8466a525f4f5ae341276eede523e19d5	275	Pfam	PF00085	Thioredoxin	114	183	9.3E-14	T	24-02-2017	IPR013766	Thioredoxin domain
AT1G08570.1	8466a525f4f5ae341276eede523e19d5	275	Coils	Coil		95	115	-	T	24-02-2017
AT1G08570.1	8466a525f4f5ae341276eede523e19d5	275	ProSiteProfiles	PS51352	Thioredoxin domain profile.	67	206	9.934	T	24-02-2017	IPR013766	Thioredoxin domain
AT5G39950.1	1a385122dec7739fc790a2db04f1c3e4	133	SUPERFAMILY	SSF52833		39	131	1.41E-32	T	24-02-2017	IPR012336	Thioredoxin-like fold
AT5G39950.1	1a385122dec7739fc790a2db04f1c3e4	133	ProSitePatterns	PS00194	Thioredoxin family active site.	51	69	-	T	24-02-2017	IPR017937	Thioredoxin, conserved site
AT5G39950.1	1a385122dec7739fc790a2db04f1c3e4	133	Pfam	PF00085	Thioredoxin	40	130	4.5E-29	T	24-02-2017	IPR013766	Thioredoxin domain
AT5G39950.1	1a385122dec7739fc790a2db04f1c3e4	133	ProSiteProfiles	PS51352	Thioredoxin domain profile.	6	133	14.487	T	24-02-2017	IPR013766	Thioredoxin domain
AT1G21750.1	94a760e55fc3932c61652e47a5b820b3	501	SUPERFAMILY	SSF52833		261	359	3.26E-12	T	24-02-2017	IPR012336	Thioredoxin-like fold
AT1G21750.1	94a760e55fc3932c61652e47a5b820b3	501	SUPERFAMILY	SSF52833		32	142	3.94E-33	T	24-02-2017	IPR012336	Thioredoxin-like fold
AT1G21750.1	94a760e55fc3932c61652e47a5b820b3	501	Pfam	PF13848	Thioredoxin-like domain	168	353	3.7E-21	T	24-02-2017
AT1G21750.1	94a760e55fc3932c61652e47a5b820b3	501	Pfam	PF00085	Thioredoxin	32	138	3.5E-30	T	24-02-2017	IPR013766	Thioredoxin domain
AT1G21750.1	94a760e55fc3932c61652e47a5b820b3	501	Pfam	PF00085	Thioredoxin	376	479	1.2E-24	T	24-02-2017	IPR013766	Thioredoxin domain
AT1G21750.1	94a760e55fc3932c61652e47a5b820b3	501	SUPERFAMILY	SSF52833		332	482	3.19E-34	T	24-02-2017	IPR012336	Thioredoxin-like fold
AT1G21750.1	94a760e55fc3932c61652e47a5b820b3	501	ProSiteProfiles	PS51352	Thioredoxin domain profile.	354	482	16.619	T	24-02-2017	IPR013766	Thioredoxin domain
AT1G21750.1	94a760e55fc3932c61652e47a5b820b3	501	ProSiteProfiles	PS51352	Thioredoxin domain profile.	12	141	15.467	T	24-02-2017	IPR013766	Thioredoxin domain
AT1G21750.1	94a760e55fc3932c61652e47a5b820b3	501	ProSitePatterns	PS00194	Thioredoxin family active site.	51	69	-	T	24-02-2017	IPR017937	Thioredoxin, conserved site
AT1G21750.1	94a760e55fc3932c61652e47a5b820b3	501	ProSitePatterns	PS00194	Thioredoxin family active site.	396	414	-	T	24-02-2017	IPR017937	Thioredoxin, conserved site
AT1G21750.1	94a760e55fc3932c61652e47a5b820b3	501	SUPERFAMILY	SSF52833		147	252	4.19E-16	T	24-02-2017	IPR012336	Thioredoxin-like fold
AT4G26160.1	b5009b1e2189a7e8f9c6e1eab78f0a9d	221	SUPERFAMILY	SSF52833		83	201	8.5E-30	T	24-02-2017	IPR012336	Thioredoxin-like fold
AT4G26160.1	b5009b1e2189a7e8f9c6e1eab78f0a9d	221	ProSiteProfiles	PS51352	Thioredoxin domain profile.	68	202	12.581	T	24-02-2017	IPR013766	Thioredoxin domain
AT4G26160.1	b5009b1e2189a7e8f9c6e1eab78f0a9d	221	Pfam	PF00085	Thioredoxin	99	198	3.6E-20	T	24-02-2017	IPR013766	Thioredoxin domain
AT4G26160.1	b5009b1e2189a7e8f9c6e1eab78f0a9d	221	ProSitePatterns	PS00194	Thioredoxin family active site.	117	135	-	T	24-02-2017	IPR017937	Thioredoxin, conserved site
AT5G42980.1	ff54390f7024a6fe8cd4cf0234174bb8	118	ProSitePatterns	PS00194	Thioredoxin family active site.	31	49	-	T	24-02-2017	IPR017937	Thioredoxin, conserved site
AT5G42980.1	ff54390f7024a6fe8cd4cf0234174bb8	118	Pfam	PF00085	Thioredoxin	8	111	1.1E-28	T	24-02-2017	IPR013766	Thioredoxin domain
AT5G42980.1	ff54390f7024a6fe8cd4cf0234174bb8	118	SUPERFAMILY	SSF52833		5	112	5.46E-33	T	24-02-2017	IPR012336	Thioredoxin-like fold
AT5G42980.1	ff54390f7024a6fe8cd4cf0234174bb8	118	ProSiteProfiles	PS51352	Thioredoxin domain profile.	1	113	14.726	T	24-02-2017	IPR013766	Thioredoxin domain
AT4G03520.1	aaa2ba433fc1a61a5e37bc4d20456d52	186	Pfam	PF00085	Thioredoxin	82	183	9.0E-32	T	24-02-2017	IPR013766	Thioredoxin domain
AT4G03520.1	aaa2ba433fc1a61a5e37bc4d20456d52	186	ProSitePatterns	PS00194	Thioredoxin family active site.	102	120	-	T	24-02-2017	IPR017937	Thioredoxin, conserved site
AT4G03520.1	aaa2ba433fc1a61a5e37bc4d20456d52	186	SUPERFAMILY	SSF52833		71	185	3.18E-38	T	24-02-2017	IPR012336	Thioredoxin-like fold
AT4G03520.1	aaa2ba433fc1a61a5e37bc4d20456d52	186	ProSiteProfiles	PS51352	Thioredoxin domain profile.	45	186	13.045	T	24-02-2017	IPR013766	Thioredoxin domain
AT1G04980.1	bd0a7afc07723b781c888cccc49341bc	447	ProSiteProfiles	PS51352	Thioredoxin domain profile.	161	275	15.249	T	24-02-2017	IPR013766	Thioredoxin domain
AT1G04980.1	bd0a7afc07723b781c888cccc49341bc	447	ProSitePatterns	PS00194	Thioredoxin family active site.	54	72	-	T	24-02-2017	IPR017937	Thioredoxin, conserved site
AT1G04980.1	bd0a7afc07723b781c888cccc49341bc	447	SUPERFAMILY	SSF52833		166	274	1.56E-33	T	24-02-2017	IPR012336	Thioredoxin-like fold
AT1G04980.1	bd0a7afc07723b781c888cccc49341bc	447	ProSiteProfiles	PS51352	Thioredoxin domain profile.	26	139	16.016	T	24-02-2017	IPR013766	Thioredoxin domain
AT1G04980.1	bd0a7afc07723b781c888cccc49341bc	447	Pfam	PF00085	Thioredoxin	171	269	2.4E-29	T	24-02-2017	IPR013766	Thioredoxin domain
AT1G04980.1	bd0a7afc07723b781c888cccc49341bc	447	Pfam	PF00085	Thioredoxin	34	133	5.2E-30	T	24-02-2017	IPR013766	Thioredoxin domain
AT1G04980.1	bd0a7afc07723b781c888cccc49341bc	447	SUPERFAMILY	SSF52833		30	137	1.18E-33	T	24-02-2017	IPR012336	Thioredoxin-like fold
AT1G04980.1	bd0a7afc07723b781c888cccc49341bc	447	SUPERFAMILY	SSF52833		282	395	2.91E-12	T	24-02-2017	IPR012336	Thioredoxin-like fold
AT1G04980.1	bd0a7afc07723b781c888cccc49341bc	447	ProSitePatterns	PS00194	Thioredoxin family active site.	189	207	-	T	24-02-2017	IPR017937	Thioredoxin, conserved site
AT1G45145.1	0bac1f557ddf952929234d99a19d3098	118	ProSitePatterns	PS00194	Thioredoxin family active site.	31	49	-	T	24-02-2017	IPR017937	Thioredoxin, conserved site
AT1G45145.1	0bac1f557ddf952929234d99a19d3098	118	Pfam	PF00085	Thioredoxin	9	110	2.4E-29	T	24-02-2017	IPR013766	Thioredoxin domain
AT1G45145.1	0bac1f557ddf952929234d99a19d3098	118	ProSiteProfiles	PS51352	Thioredoxin domain profile.	1	113	14.196	T	24-02-2017	IPR013766	Thioredoxin domain
AT1G45145.1	0bac1f557ddf952929234d99a19d3098	118	SUPERFAMILY	SSF52833		5	111	1.87E-33	T	24-02-2017	IPR012336	Thioredoxin-like fold
AT3G54960.1	67f29b13eb0f74d3e722da990b102128	579	ProSitePatterns	PS00194	Thioredoxin family active site.	120	138	-	T	24-02-2017	IPR017937	Thioredoxin, conserved site
AT3G54960.1	67f29b13eb0f74d3e722da990b102128	579	Pfam	PF00085	Thioredoxin	101	201	1.5E-29	T	24-02-2017	IPR013766	Thioredoxin domain
AT3G54960.1	67f29b13eb0f74d3e722da990b102128	579	Pfam	PF00085	Thioredoxin	439	543	9.7E-20	T	24-02-2017	IPR013766	Thioredoxin domain
AT3G54960.1	67f29b13eb0f74d3e722da990b102128	579	SUPERFAMILY	SSF52833		209	317	7.21E-15	T	24-02-2017	IPR012336	Thioredoxin-like fold
AT3G54960.1	67f29b13eb0f74d3e722da990b102128	579	Pfam	PF13848	Thioredoxin-like domain	243	414	3.5E-27	T	24-02-2017
AT3G54960.1	67f29b13eb0f74d3e722da990b102128	579	ProSiteProfiles	PS51352	Thioredoxin domain profile.	416	546	12.634	T	24-02-2017	IPR013766	Thioredoxin domain
AT3G54960.1	67f29b13eb0f74d3e722da990b102128	579	SUPERFAMILY	SSF52833		92	203	3.18E-34	T	24-02-2017	IPR012336	Thioredoxin-like fold
AT3G54960.1	67f29b13eb0f74d3e722da990b102128	579	ProSiteProfiles	PS51352	Thioredoxin domain profile.	81	204	14.348	T	24-02-2017	IPR013766	Thioredoxin domain
AT3G54960.1	67f29b13eb0f74d3e722da990b102128	579	ProSitePatterns	PS00194	Thioredoxin family active site.	459	477	-	T	24-02-2017	IPR017937	Thioredoxin, conserved site
AT3G54960.1	67f29b13eb0f74d3e722da990b102128	579	SUPERFAMILY	SSF52833		306	436	2.27E-21	T	24-02-2017	IPR012336	Thioredoxin-like fold
AT3G54960.1	67f29b13eb0f74d3e722da990b102128	579	SUPERFAMILY	SSF52833		434	548	2.21E-28	T	24-02-2017	IPR012336	Thioredoxin-like fold
AT1G07700.1	05ceab77d627a06858ec3168a0f1c393	204	SUPERFAMILY	SSF52833		53	199	1.05E-19	T	24-02-2017	IPR012336	Thioredoxin-like fold
AT1G07700.1	05ceab77d627a06858ec3168a0f1c393	204	Pfam	PF00085	Thioredoxin	105	196	1.1E-12	T	24-02-2017	IPR013766	Thioredoxin domain
AT1G07700.1	05ceab77d627a06858ec3168a0f1c393	204	ProSiteProfiles	PS51352	Thioredoxin domain profile.	63	201	10.146	T	24-02-2017	IPR013766	Thioredoxin domain
AT1G59730.1	215a5e3a06fac7c3e1912665c1bee5b9	129	ProSitePatterns	PS00194	Thioredoxin family active site.	47	65	-	T	24-02-2017	IPR017937	Thioredoxin, conserved site
AT1G59730.1	215a5e3a06fac7c3e1912665c1bee5b9	129	Pfam	PF00085	Thioredoxin	39	127	4.1E-23	T	24-02-2017	IPR013766	Thioredoxin domain
AT1G59730.1	215a5e3a06fac7c3e1912665c1bee5b9	129	SUPERFAMILY	SSF52833		19	127	4.09E-28	T	24-02-2017	IPR012336	Thioredoxin-like fold
AT1G59730.1	215a5e3a06fac7c3e1912665c1bee5b9	129	ProSiteProfiles	PS51352	Thioredoxin domain profile.	6	129	11.258	T	24-02-2017	IPR013766	Thioredoxin domain
AT1G62180.1	2c0a39598a24555355f6e758c1954541	454	Coils	Coil		75	95	-	T	24-02-2017
AT1G62180.1	2c0a39598a24555355f6e758c1954541	454	SUPERFAMILY	SSF52833		341	451	1.73E-21	T	24-02-2017	IPR012336	Thioredoxin-like fold
AT1G62180.1	2c0a39598a24555355f6e758c1954541	454	Pfam	PF00085	Thioredoxin	358	450	1.6E-11	T	24-02-2017	IPR013766	Thioredoxin domain
AT1G62180.1	2c0a39598a24555355f6e758c1954541	454	Pfam	PF01507	Phosphoadenosine phosphosulfate reductase family	112	292	3.6E-44	T	24-02-2017	IPR002500	Phosphoadenosine phosphosulphate reductase
AT1G62180.1	2c0a39598a24555355f6e758c1954541	454	SUPERFAMILY	SSF52402		86	280	1.15E-42	T	24-02-2017
AT1G62180.1	2c0a39598a24555355f6e758c1954541	454	ProSiteProfiles	PS51352	Thioredoxin domain profile.	333	454	12.303	T	24-02-2017	IPR013766	Thioredoxin domain
AT2G47470.3	fc6b0edd56d28fbcdcecda192ccfbcd7	323	ProSiteProfiles	PS51352	Thioredoxin domain profile.	16	131	16.956	T	24-02-2017	IPR013766	Thioredoxin domain
AT2G47470.3	fc6b0edd56d28fbcdcecda192ccfbcd7	323	Pfam	PF00085	Thioredoxin	25	128	8.7E-33	T	24-02-2017	IPR013766	Thioredoxin domain
AT2G47470.3	fc6b0edd56d28fbcdcecda192ccfbcd7	323	Pfam	PF00085	Thioredoxin	143	247	3.6E-33	T	24-02-2017	IPR013766	Thioredoxin domain
AT2G47470.3	fc6b0edd56d28fbcdcecda192ccfbcd7	323	ProSiteProfiles	PS51352	Thioredoxin domain profile.	132	250	16.645	T	24-02-2017	IPR013766	Thioredoxin domain
AT2G47470.3	fc6b0edd56d28fbcdcecda192ccfbcd7	323	SUPERFAMILY	SSF52833		19	128	3.34E-37	T	24-02-2017	IPR012336	Thioredoxin-like fold
AT2G47470.3	fc6b0edd56d28fbcdcecda192ccfbcd7	323	SUPERFAMILY	SSF47933		263	307	9.16E-6	T	24-02-2017	IPR011679	Endoplasmic reticulum, protein ERp29, C-terminal
AT2G47470.3	fc6b0edd56d28fbcdcecda192ccfbcd7	323	ProSitePatterns	PS00194	Thioredoxin family active site.	163	181	-	T	24-02-2017	IPR017937	Thioredoxin, conserved site
AT2G47470.3	fc6b0edd56d28fbcdcecda192ccfbcd7	323	SUPERFAMILY	SSF52833		141	251	7.35E-39	T	24-02-2017	IPR012336	Thioredoxin-like fold
AT2G47470.3	fc6b0edd56d28fbcdcecda192ccfbcd7	323	ProSitePatterns	PS00194	Thioredoxin family active site.	44	62	-	T	24-02-2017	IPR017937	Thioredoxin, conserved site
AT1G08570.2	1eaaf5e1c11587be1e74179c67dedd9a	244	SUPERFAMILY	SSF52833		57	175	1.44E-26	T	24-02-2017	IPR012336	Thioredoxin-like fold
AT1G08570.2	1eaaf5e1c11587be1e74179c67dedd9a	244	ProSiteProfiles	PS51352	Thioredoxin domain profile.	36	175	9.934	T	24-02-2017	IPR013766	Thioredoxin domain
AT1G08570.2	1eaaf5e1c11587be1e74179c67dedd9a	244	Pfam	PF00085	Thioredoxin	83	152	7.2E-14	T	24-02-2017	IPR013766	Thioredoxin domain
AT1G08570.2	1eaaf5e1c11587be1e74179c67dedd9a	244	Coils	Coil		64	84	-	T	24-02-2017
AT4G21990.1	5b9e7fb044eda0b8830eeee28aca9b8a	458	Pfam	PF00085	Thioredoxin	362	454	4.1E-11	T	24-02-2017	IPR013766	Thioredoxin domain
AT4G21990.1	5b9e7fb044eda0b8830eeee28aca9b8a	458	SUPERFAMILY	SSF52833		346	455	1.0E-21	T	24-02-2017	IPR012336	Thioredoxin-like fold
AT4G21990.1	5b9e7fb044eda0b8830eeee28aca9b8a	458	ProSiteProfiles	PS51352	Thioredoxin domain profile.	337	458	11.33	T	24-02-2017	IPR013766	Thioredoxin domain
AT4G21990.1	5b9e7fb044eda0b8830eeee28aca9b8a	458	Pfam	PF01507	Phosphoadenosine phosphosulfate reductase family	112	292	6.3E-42	T	24-02-2017	IPR002500	Phosphoadenosine phosphosulphate reductase
AT4G21990.1	5b9e7fb044eda0b8830eeee28aca9b8a	458	SUPERFAMILY	SSF52402		85	280	7.67E-41	T	24-02-2017
AT1G14570.3	a5135b2f27b7fcdb72e931d110f90154	447	Pfam	PF13899	Thioredoxin-like	164	245	4.3E-12	T	24-02-2017
AT1G14570.3	a5135b2f27b7fcdb72e931d110f90154	447	ProSiteProfiles	PS50330	Ubiquitin-interacting motif (UIM) domain profile.	307	326	11.197	T	24-02-2017	IPR003903	Ubiquitin interacting motif
AT1G14570.3	a5135b2f27b7fcdb72e931d110f90154	447	SUPERFAMILY	SSF54236		354	446	4.91E-16	T	24-02-2017	IPR029071	Ubiquitin-related domain
AT1G14570.3	a5135b2f27b7fcdb72e931d110f90154	447	SUPERFAMILY	SSF52833		143	274	7.14E-41	T	24-02-2017	IPR012336	Thioredoxin-like fold
AT1G14570.3	a5135b2f27b7fcdb72e931d110f90154	447	SUPERFAMILY	SSF46934		7	48	7.65E-6	T	24-02-2017	IPR009060	UBA-like
AT1G14570.3	a5135b2f27b7fcdb72e931d110f90154	447	Pfam	PF14555	UBA-like domain	12	51	4.2E-11	T	24-02-2017
AT1G14570.3	a5135b2f27b7fcdb72e931d110f90154	447	Pfam	PF00789	UBX domain	368	420	1.1E-7	T	24-02-2017	IPR001012	UBX domain
AT1G14570.3	a5135b2f27b7fcdb72e931d110f90154	447	ProSiteProfiles	PS50033	UBX domain profile.	364	445	19.157	T	24-02-2017	IPR001012	UBX domain
AT1G52990.1	7d79b8ba4cf1ec2921c9e589d74a6c5e	313	SUPERFAMILY	SSF53098		49	175	1.39E-11	T	24-02-2017	IPR012337	Ribonuclease H-like domain
AT1G52990.1	7d79b8ba4cf1ec2921c9e589d74a6c5e	313	ProSitePatterns	PS00194	Thioredoxin family active site.	231	249	-	T	24-02-2017	IPR017937	Thioredoxin, conserved site
AT1G52990.1	7d79b8ba4cf1ec2921c9e589d74a6c5e	313	SUPERFAMILY	SSF52833		227	312	1.02E-24	T	24-02-2017	IPR012336	Thioredoxin-like fold
AT1G52990.1	7d79b8ba4cf1ec2921c9e589d74a6c5e	313	ProSiteProfiles	PS51352	Thioredoxin domain profile.	193	313	11.258	T	24-02-2017	IPR013766	Thioredoxin domain
AT1G52990.1	7d79b8ba4cf1ec2921c9e589d74a6c5e	313	Pfam	PF13456	Reverse transcriptase-like	51	172	6.6E-32	T	24-02-2017
AT1G52990.1	7d79b8ba4cf1ec2921c9e589d74a6c5e	313	Pfam	PF00085	Thioredoxin	222	311	4.2E-19	T	24-02-2017	IPR013766	Thioredoxin domain
AT3G17880.1	ce4daf8db53f3d6f93f954ff599f2edd	380	SUPERFAMILY	SSF48452		104	213	6.92E-24	T	24-02-2017	IPR011990	Tetratricopeptide-like helical domain
AT3G17880.1	ce4daf8db53f3d6f93f954ff599f2edd	380	ProSiteProfiles	PS50005	TPR repeat profile.	180	213	6.225	T	24-02-2017	IPR019734	Tetratricopeptide repeat
AT3G17880.1	ce4daf8db53f3d6f93f954ff599f2edd	380	ProSiteProfiles	PS50005	TPR repeat profile.	146	179	5.428	T	24-02-2017	IPR019734	Tetratricopeptide repeat
AT3G17880.1	ce4daf8db53f3d6f93f954ff599f2edd	380	ProSiteProfiles	PS50293	TPR repeat region circular profile.	112	213	16.739	T	24-02-2017	IPR013026	Tetratricopeptide repeat-containing domain
AT3G17880.1	ce4daf8db53f3d6f93f954ff599f2edd	380	SUPERFAMILY	SSF52833		237	377	5.51E-32	T	24-02-2017	IPR012336	Thioredoxin-like fold
AT3G17880.1	ce4daf8db53f3d6f93f954ff599f2edd	380	Pfam	PF00085	Thioredoxin	287	376	1.0E-24	T	24-02-2017	IPR013766	Thioredoxin domain
AT3G17880.1	ce4daf8db53f3d6f93f954ff599f2edd	380	ProSiteProfiles	PS50005	TPR repeat profile.	112	145	8.644	T	24-02-2017	IPR019734	Tetratricopeptide repeat
AT3G17880.1	ce4daf8db53f3d6f93f954ff599f2edd	380	Coils	Coil		226	265	-	T	24-02-2017
AT3G17880.1	ce4daf8db53f3d6f93f954ff599f2edd	380	ProSiteProfiles	PS51352	Thioredoxin domain profile.	252	378	12.363	T	24-02-2017	IPR013766	Thioredoxin domain
AT3G17880.1	ce4daf8db53f3d6f93f954ff599f2edd	380	ProSitePatterns	PS00194	Thioredoxin family active site.	296	314	-	T	24-02-2017	IPR017937	Thioredoxin, conserved site
AT5G60640.1	907beb839cf4b6bfff3d7f48a470b26d	597	SUPERFAMILY	SSF52833		96	208	6.91E-37	T	24-02-2017	IPR012336	Thioredoxin-like fold
AT5G60640.1	907beb839cf4b6bfff3d7f48a470b26d	597	SUPERFAMILY	SSF52833		439	549	5.79E-28	T	24-02-2017	IPR012336	Thioredoxin-like fold
AT5G60640.1	907beb839cf4b6bfff3d7f48a470b26d	597	ProSiteProfiles	PS51352	Thioredoxin domain profile.	429	550	12.482	T	24-02-2017	IPR013766	Thioredoxin domain
AT5G60640.1	907beb839cf4b6bfff3d7f48a470b26d	597	Pfam	PF00085	Thioredoxin	105	205	1.7E-31	T	24-02-2017	IPR013766	Thioredoxin domain
AT5G60640.1	907beb839cf4b6bfff3d7f48a470b26d	597	Pfam	PF00085	Thioredoxin	443	541	4.0E-21	T	24-02-2017	IPR013766	Thioredoxin domain
AT5G60640.1	907beb839cf4b6bfff3d7f48a470b26d	597	SUPERFAMILY	SSF52833		310	440	4.3E-22	T	24-02-2017	IPR012336	Thioredoxin-like fold
AT5G60640.1	907beb839cf4b6bfff3d7f48a470b26d	597	Pfam	PF13848	Thioredoxin-like domain	248	417	3.4E-29	T	24-02-2017
AT5G60640.1	907beb839cf4b6bfff3d7f48a470b26d	597	ProSiteProfiles	PS51352	Thioredoxin domain profile.	85	208	17.347	T	24-02-2017	IPR013766	Thioredoxin domain
AT5G60640.1	907beb839cf4b6bfff3d7f48a470b26d	597	ProSitePatterns	PS00194	Thioredoxin family active site.	124	142	-	T	24-02-2017	IPR017937	Thioredoxin, conserved site
AT5G60640.1	907beb839cf4b6bfff3d7f48a470b26d	597	ProSitePatterns	PS00194	Thioredoxin family active site.	463	481	-	T	24-02-2017	IPR017937	Thioredoxin, conserved site
AT5G60640.1	907beb839cf4b6bfff3d7f48a470b26d	597	SUPERFAMILY	SSF52833		212	322	1.07E-14	T	24-02-2017	IPR012336	Thioredoxin-like fold
AT4G29670.2	39fc1b454ad2170552437baf4bb08c95	236	ProSiteProfiles	PS51352	Thioredoxin domain profile.	71	220	10.457	T	24-02-2017	IPR013766	Thioredoxin domain
AT4G29670.2	39fc1b454ad2170552437baf4bb08c95	236	Pfam	PF00085	Thioredoxin	108	187	4.5E-17	T	24-02-2017	IPR013766	Thioredoxin domain
AT4G29670.2	39fc1b454ad2170552437baf4bb08c95	236	SUPERFAMILY	SSF52833		97	189	4.79E-24	T	24-02-2017	IPR012336	Thioredoxin-like fold
AT4G29670.2	39fc1b454ad2170552437baf4bb08c95	236	ProSitePatterns	PS00194	Thioredoxin family active site.	127	145	-	T	24-02-2017	IPR017937	Thioredoxin, conserved site
AT3G06730.1	81bb32378f27190f1ac990de5572deff	183	ProSiteProfiles	PS51352	Thioredoxin domain profile.	51	183	12.892	T	24-02-2017	IPR013766	Thioredoxin domain
AT3G06730.1	81bb32378f27190f1ac990de5572deff	183	Pfam	PF00085	Thioredoxin	77	162	1.2E-19	T	24-02-2017	IPR013766	Thioredoxin domain
AT3G06730.1	81bb32378f27190f1ac990de5572deff	183	SUPERFAMILY	SSF52833		76	181	1.4E-24	T	24-02-2017	IPR012336	Thioredoxin-like fold
AT4G14250.1	8ebcc09b19b2acf7a796848c1a48b59b	821	Pfam	PF00789	UBX domain	301	352	5.8E-8	T	24-02-2017	IPR001012	UBX domain
AT4G14250.1	8ebcc09b19b2acf7a796848c1a48b59b	821	Pfam	PF00789	UBX domain	743	794	2.9E-7	T	24-02-2017	IPR001012	UBX domain
AT4G14250.1	8ebcc09b19b2acf7a796848c1a48b59b	821	ProSiteProfiles	PS50033	UBX domain profile.	297	377	20.803	T	24-02-2017	IPR001012	UBX domain
AT4G14250.1	8ebcc09b19b2acf7a796848c1a48b59b	821	SUPERFAMILY	SSF54236		286	380	6.46E-16	T	24-02-2017	IPR029071	Ubiquitin-related domain
AT4G14250.1	8ebcc09b19b2acf7a796848c1a48b59b	821	SUPERFAMILY	SSF50104		379	444	3.69E-11	T	24-02-2017	IPR008991	Translation protein SH3-like domain
AT4G14250.1	8ebcc09b19b2acf7a796848c1a48b59b	821	SUPERFAMILY	SSF52833		501	624	5.34E-25	T	24-02-2017	IPR012336	Thioredoxin-like fold
AT4G14250.1	8ebcc09b19b2acf7a796848c1a48b59b	821	Pfam	PF13899	Thioredoxin-like	517	594	1.6E-6	T	24-02-2017
AT4G14250.1	8ebcc09b19b2acf7a796848c1a48b59b	821	Pfam	PF03947	Ribosomal Proteins L2, C-terminal domain	378	438	4.2E-9	T	24-02-2017	IPR022669	Ribosomal protein L2, C-terminal
AT4G14250.1	8ebcc09b19b2acf7a796848c1a48b59b	821	SUPERFAMILY	SSF52833		106	197	1.21E-13	T	24-02-2017	IPR012336	Thioredoxin-like fold
AT4G14250.1	8ebcc09b19b2acf7a796848c1a48b59b	821	SUPERFAMILY	SSF54236		728	820	9.04E-15	T	24-02-2017	IPR029071	Ubiquitin-related domain
AT4G14250.1	8ebcc09b19b2acf7a796848c1a48b59b	821	Pfam	PF14555	UBA-like domain	12	48	2.0E-9	T	24-02-2017
AT4G14250.1	8ebcc09b19b2acf7a796848c1a48b59b	821	ProSiteProfiles	PS50033	UBX domain profile.	739	819	21.22	T	24-02-2017	IPR001012	UBX domain
AT1G15020.1	c4a180a9d24f46b81aeb59efb4a2fb7b	502	ProSitePatterns	PS00194	Thioredoxin family active site.	64	82	-	T	24-02-2017	IPR017937	Thioredoxin, conserved site
AT1G15020.1	c4a180a9d24f46b81aeb59efb4a2fb7b	502	SUPERFAMILY	SSF69000		296	400	1.01E-25	T	24-02-2017	IPR017905	ERV/ALR sulfhydryl oxidase domain
AT1G15020.1	c4a180a9d24f46b81aeb59efb4a2fb7b	502	Pfam	PF04777	Erv1 / Alr family	304	397	1.2E-19	T	24-02-2017	IPR017905	ERV/ALR sulfhydryl oxidase domain
AT1G15020.1	c4a180a9d24f46b81aeb59efb4a2fb7b	502	ProSiteProfiles	PS51352	Thioredoxin domain profile.	35	170	11.496	T	24-02-2017	IPR013766	Thioredoxin domain
AT1G15020.1	c4a180a9d24f46b81aeb59efb4a2fb7b	502	Pfam	PF00085	Thioredoxin	44	142	1.1E-11	T	24-02-2017	IPR013766	Thioredoxin domain
AT1G15020.1	c4a180a9d24f46b81aeb59efb4a2fb7b	502	SUPERFAMILY	SSF52833		41	170	9.78E-18	T	24-02-2017	IPR012336	Thioredoxin-like fold
AT1G15020.1	c4a180a9d24f46b81aeb59efb4a2fb7b	502	ProSiteProfiles	PS51324	ERV/ALR sulfhydryl oxidase domain profile.	295	397	23.662	T	24-02-2017	IPR017905	ERV/ALR sulfhydryl oxidase domain
AT4G14250.2	10b470b50bf38e3f8512d5597b1d833f	815	ProSiteProfiles	PS50033	UBX domain profile.	733	813	21.22	T	24-02-2017	IPR001012	UBX domain
AT4G14250.2	10b470b50bf38e3f8512d5597b1d833f	815	SUPERFAMILY	SSF54236		722	814	8.78E-15	T	24-02-2017	IPR029071	Ubiquitin-related domain
AT4G14250.2	10b470b50bf38e3f8512d5597b1d833f	815	SUPERFAMILY	SSF50104		373	438	3.69E-11	T	24-02-2017	IPR008991	Translation protein SH3-like domain
AT4G14250.2	10b470b50bf38e3f8512d5597b1d833f	815	SUPERFAMILY	SSF54236		280	374	6.2E-16	T	24-02-2017	IPR029071	Ubiquitin-related domain
AT4G14250.2	10b470b50bf38e3f8512d5597b1d833f	815	Pfam	PF00789	UBX domain	737	788	2.9E-7	T	24-02-2017	IPR001012	UBX domain
AT4G14250.2	10b470b50bf38e3f8512d5597b1d833f	815	Pfam	PF00789	UBX domain	295	346	5.7E-8	T	24-02-2017	IPR001012	UBX domain
AT4G14250.2	10b470b50bf38e3f8512d5597b1d833f	815	SUPERFAMILY	SSF52833		495	618	2.27E-24	T	24-02-2017	IPR012336	Thioredoxin-like fold
AT4G14250.2	10b470b50bf38e3f8512d5597b1d833f	815	Pfam	PF03947	Ribosomal Proteins L2, C-terminal domain	372	432	4.2E-9	T	24-02-2017	IPR022669	Ribosomal protein L2, C-terminal
AT4G14250.2	10b470b50bf38e3f8512d5597b1d833f	815	Pfam	PF13899	Thioredoxin-like	511	588	1.6E-6	T	24-02-2017
AT4G14250.2	10b470b50bf38e3f8512d5597b1d833f	815	ProSiteProfiles	PS50033	UBX domain profile.	291	371	20.803	T	24-02-2017	IPR001012	UBX domain
AT4G14250.2	10b470b50bf38e3f8512d5597b1d833f	815	Pfam	PF14555	UBA-like domain	12	48	2.0E-9	T	24-02-2017
AT4G14250.2	10b470b50bf38e3f8512d5597b1d833f	815	SUPERFAMILY	SSF52833		106	191	1.98E-8	T	24-02-2017	IPR012336	Thioredoxin-like fold
AT2G32920.1	d2ede5a2672208122e65c301b67fcfc4	440	SUPERFAMILY	SSF52833		277	390	1.35E-10	T	24-02-2017	IPR012336	Thioredoxin-like fold
AT2G32920.1	d2ede5a2672208122e65c301b67fcfc4	440	ProSiteProfiles	PS51352	Thioredoxin domain profile.	24	136	15.857	T	24-02-2017	IPR013766	Thioredoxin domain
AT2G32920.1	d2ede5a2672208122e65c301b67fcfc4	440	SUPERFAMILY	SSF52833		161	267	8.27E-32	T	24-02-2017	IPR012336	Thioredoxin-like fold
AT2G32920.1	d2ede5a2672208122e65c301b67fcfc4	440	ProSitePatterns	PS00194	Thioredoxin family active site.	52	70	-	T	24-02-2017	IPR017937	Thioredoxin, conserved site
AT2G32920.1	d2ede5a2672208122e65c301b67fcfc4	440	Pfam	PF00085	Thioredoxin	32	132	1.0E-30	T	24-02-2017	IPR013766	Thioredoxin domain
AT2G32920.1	d2ede5a2672208122e65c301b67fcfc4	440	Pfam	PF00085	Thioredoxin	166	265	5.4E-28	T	24-02-2017	IPR013766	Thioredoxin domain
AT2G32920.1	d2ede5a2672208122e65c301b67fcfc4	440	SUPERFAMILY	SSF52833		28	135	2.93E-34	T	24-02-2017	IPR012336	Thioredoxin-like fold
AT2G32920.1	d2ede5a2672208122e65c301b67fcfc4	440	ProSiteProfiles	PS51352	Thioredoxin domain profile.	154	269	15.811	T	24-02-2017	IPR013766	Thioredoxin domain
AT2G32920.1	d2ede5a2672208122e65c301b67fcfc4	440	ProSitePatterns	PS00194	Thioredoxin family active site.	184	202	-	T	24-02-2017	IPR017937	Thioredoxin, conserved site
AT5G66410.1	8f47ab25d266968984d320e15a1c42db	230	Pfam	PF00085	Thioredoxin	89	173	6.0E-6	T	24-02-2017	IPR013766	Thioredoxin domain
AT5G66410.1	8f47ab25d266968984d320e15a1c42db	230	SUPERFAMILY	SSF52833		43	198	1.04E-37	T	24-02-2017	IPR012336	Thioredoxin-like fold
AT2G33270.1	842d9a39df4fd71f6835588b66272479	273	SUPERFAMILY	SSF52833		84	201	1.43E-23	T	24-02-2017	IPR012336	Thioredoxin-like fold
AT2G33270.1	842d9a39df4fd71f6835588b66272479	273	ProSiteProfiles	PS51352	Thioredoxin domain profile.	62	202	11.105	T	24-02-2017	IPR013766	Thioredoxin domain
AT2G33270.1	842d9a39df4fd71f6835588b66272479	273	Pfam	PF00085	Thioredoxin	112	178	6.0E-15	T	24-02-2017	IPR013766	Thioredoxin domain
AT5G06690.2	a8c092f234565151fc8d89df1670f770	214	SUPERFAMILY	SSF52833		101	167	1.74E-13	T	24-02-2017	IPR012336	Thioredoxin-like fold
AT5G06690.2	a8c092f234565151fc8d89df1670f770	214	Pfam	PF00085	Thioredoxin	116	164	4.0E-9	T	24-02-2017	IPR013766	Thioredoxin domain
AT3G53220.1	ec8db26747ccc5296f000d462cf76a2e	126	Pfam	PF00085	Thioredoxin	38	117	5.4E-16	T	24-02-2017	IPR013766	Thioredoxin domain
AT3G53220.1	ec8db26747ccc5296f000d462cf76a2e	126	ProSiteProfiles	PS51352	Thioredoxin domain profile.	5	126	8.683	T	24-02-2017	IPR013766	Thioredoxin domain
AT3G53220.1	ec8db26747ccc5296f000d462cf76a2e	126	SUPERFAMILY	SSF52833		13	117	2.21E-22	T	24-02-2017	IPR012336	Thioredoxin-like fold
AT1G14570.1	598cb380b90ef0de3885cee65c82da7d	468	SUPERFAMILY	SSF46934		7	48	8.16E-6	T	24-02-2017	IPR009060	UBA-like
AT1G14570.1	598cb380b90ef0de3885cee65c82da7d	468	Pfam	PF14555	UBA-like domain	12	51	4.4E-11	T	24-02-2017
AT1G14570.1	598cb380b90ef0de3885cee65c82da7d	468	SUPERFAMILY	SSF54236		375	467	5.17E-16	T	24-02-2017	IPR029071	Ubiquitin-related domain
AT1G14570.1	598cb380b90ef0de3885cee65c82da7d	468	Pfam	PF00789	UBX domain	389	441	1.2E-7	T	24-02-2017	IPR001012	UBX domain
AT1G14570.1	598cb380b90ef0de3885cee65c82da7d	468	SUPERFAMILY	SSF52833		164	295	8.15E-41	T	24-02-2017	IPR012336	Thioredoxin-like fold
AT1G14570.1	598cb380b90ef0de3885cee65c82da7d	468	ProSiteProfiles	PS50033	UBX domain profile.	385	466	19.157	T	24-02-2017	IPR001012	UBX domain
AT1G14570.1	598cb380b90ef0de3885cee65c82da7d	468	Pfam	PF13899	Thioredoxin-like	185	266	4.6E-12	T	24-02-2017
AT1G14570.1	598cb380b90ef0de3885cee65c82da7d	468	ProSiteProfiles	PS50330	Ubiquitin-interacting motif (UIM) domain profile.	328	347	11.197	T	24-02-2017	IPR003903	Ubiquitin interacting motif
AT3G54960.2	bdb9e48f22b0affb2307d0eac5353b31	518	ProSitePatterns	PS00194	Thioredoxin family active site.	120	138	-	T	24-02-2017	IPR017937	Thioredoxin, conserved site
AT3G54960.2	bdb9e48f22b0affb2307d0eac5353b31	518	SUPERFAMILY	SSF52833		434	503	1.34E-19	T	24-02-2017	IPR012336	Thioredoxin-like fold
AT3G54960.2	bdb9e48f22b0affb2307d0eac5353b31	518	Pfam	PF13848	Thioredoxin-like domain	243	414	2.9E-27	T	24-02-2017
AT3G54960.2	bdb9e48f22b0affb2307d0eac5353b31	518	Pfam	PF00085	Thioredoxin	101	201	1.3E-29	T	24-02-2017	IPR013766	Thioredoxin domain
AT3G54960.2	bdb9e48f22b0affb2307d0eac5353b31	518	Pfam	PF00085	Thioredoxin	439	502	1.8E-15	T	24-02-2017	IPR013766	Thioredoxin domain
AT3G54960.2	bdb9e48f22b0affb2307d0eac5353b31	518	ProSiteProfiles	PS51352	Thioredoxin domain profile.	81	204	14.348	T	24-02-2017	IPR013766	Thioredoxin domain
AT3G54960.2	bdb9e48f22b0affb2307d0eac5353b31	518	ProSitePatterns	PS00194	Thioredoxin family active site.	459	477	-	T	24-02-2017	IPR017937	Thioredoxin, conserved site
AT3G54960.2	bdb9e48f22b0affb2307d0eac5353b31	518	SUPERFAMILY	SSF52833		92	203	2.78E-34	T	24-02-2017	IPR012336	Thioredoxin-like fold
AT3G54960.2	bdb9e48f22b0affb2307d0eac5353b31	518	SUPERFAMILY	SSF52833		306	436	1.83E-21	T	24-02-2017	IPR012336	Thioredoxin-like fold
AT3G54960.2	bdb9e48f22b0affb2307d0eac5353b31	518	ProSiteProfiles	PS51352	Thioredoxin domain profile.	416	518	9.815	T	24-02-2017	IPR013766	Thioredoxin domain
AT3G54960.2	bdb9e48f22b0affb2307d0eac5353b31	518	SUPERFAMILY	SSF52833		209	317	5.91E-15	T	24-02-2017	IPR012336	Thioredoxin-like fold
AT3G15360.1	f86ecc834b3900d0565adde8aff52473	193	ProSiteProfiles	PS51352	Thioredoxin domain profile.	72	192	15.877	T	24-02-2017	IPR013766	Thioredoxin domain
AT3G15360.1	f86ecc834b3900d0565adde8aff52473	193	ProSitePatterns	PS00194	Thioredoxin family active site.	108	126	-	T	24-02-2017	IPR017937	Thioredoxin, conserved site
AT3G15360.1	f86ecc834b3900d0565adde8aff52473	193	SUPERFAMILY	SSF52833		83	191	1.38E-38	T	24-02-2017	IPR012336	Thioredoxin-like fold
AT3G15360.1	f86ecc834b3900d0565adde8aff52473	193	Pfam	PF00085	Thioredoxin	88	188	2.4E-31	T	24-02-2017	IPR013766	Thioredoxin domain
AT2G35010.1	3dc059980c8590ff16c6d2d96a4ccd61	194	ProSiteProfiles	PS51352	Thioredoxin domain profile.	89	194	10.331	T	24-02-2017	IPR013766	Thioredoxin domain
AT2G35010.1	3dc059980c8590ff16c6d2d96a4ccd61	194	SUPERFAMILY	SSF52833		39	190	2.1E-27	T	24-02-2017	IPR012336	Thioredoxin-like fold
AT2G35010.1	3dc059980c8590ff16c6d2d96a4ccd61	194	Pfam	PF00085	Thioredoxin	87	190	9.3E-20	T	24-02-2017	IPR013766	Thioredoxin domain
AT3G17880.2	2d31e5ad26984a363e84e098d1d7d8d4	373	ProSitePatterns	PS00194	Thioredoxin family active site.	289	307	-	T	24-02-2017	IPR017937	Thioredoxin, conserved site
AT3G17880.2	2d31e5ad26984a363e84e098d1d7d8d4	373	Pfam	PF00085	Thioredoxin	280	369	9.3E-25	T	24-02-2017	IPR013766	Thioredoxin domain
AT3G17880.2	2d31e5ad26984a363e84e098d1d7d8d4	373	Coils	Coil		219	258	-	T	24-02-2017
AT3G17880.2	2d31e5ad26984a363e84e098d1d7d8d4	373	ProSiteProfiles	PS50005	TPR repeat profile.	105	138	8.644	T	24-02-2017	IPR019734	Tetratricopeptide repeat
AT3G17880.2	2d31e5ad26984a363e84e098d1d7d8d4	373	ProSiteProfiles	PS51352	Thioredoxin domain profile.	245	371	12.363	T	24-02-2017	IPR013766	Thioredoxin domain
AT3G17880.2	2d31e5ad26984a363e84e098d1d7d8d4	373	SUPERFAMILY	SSF48452		97	206	8.07E-24	T	24-02-2017	IPR011990	Tetratricopeptide-like helical domain
AT3G17880.2	2d31e5ad26984a363e84e098d1d7d8d4	373	ProSiteProfiles	PS50005	TPR repeat profile.	173	206	6.225	T	24-02-2017	IPR019734	Tetratricopeptide repeat
AT3G17880.2	2d31e5ad26984a363e84e098d1d7d8d4	373	ProSiteProfiles	PS50293	TPR repeat region circular profile.	105	206	16.739	T	24-02-2017	IPR013026	Tetratricopeptide repeat-containing domain
AT3G17880.2	2d31e5ad26984a363e84e098d1d7d8d4	373	SUPERFAMILY	SSF52833		230	370	5.28E-32	T	24-02-2017	IPR012336	Thioredoxin-like fold
AT3G17880.2	2d31e5ad26984a363e84e098d1d7d8d4	373	ProSiteProfiles	PS50005	TPR repeat profile.	139	172	5.428	T	24-02-2017	IPR019734	Tetratricopeptide repeat
AT1G60420.1	0d31238a414f954948ce9b6f3d7fa4c5	578	ProSitePatterns	PS00194	Thioredoxin family active site.	367	385	-	T	24-02-2017	IPR017937	Thioredoxin, conserved site
AT1G60420.1	0d31238a414f954948ce9b6f3d7fa4c5	578	SUPERFAMILY	SSF57889		487	546	9.57E-17	T	24-02-2017
AT1G60420.1	0d31238a414f954948ce9b6f3d7fa4c5	578	ProSiteProfiles	PS51352	Thioredoxin domain profile.	325	485	12.82	T	24-02-2017	IPR013766	Thioredoxin domain
AT1G60420.1	0d31238a414f954948ce9b6f3d7fa4c5	578	SUPERFAMILY	SSF52833		348	458	6.98E-24	T	24-02-2017	IPR012336	Thioredoxin-like fold
AT1G60420.1	0d31238a414f954948ce9b6f3d7fa4c5	578	SUPERFAMILY	SSF52833		189	299	8.86E-15	T	24-02-2017	IPR012336	Thioredoxin-like fold
AT1G60420.1	0d31238a414f954948ce9b6f3d7fa4c5	578	ProSiteProfiles	PS51352	Thioredoxin domain profile.	18	172	13.144	T	24-02-2017	IPR013766	Thioredoxin domain
AT1G60420.1	0d31238a414f954948ce9b6f3d7fa4c5	578	Coils	Coil		229	249	-	T	24-02-2017
AT1G60420.1	0d31238a414f954948ce9b6f3d7fa4c5	578	Pfam	PF03107	C1 domain	502	544	4.6E-8	T	24-02-2017	IPR004146	DC1
AT1G60420.1	0d31238a414f954948ce9b6f3d7fa4c5	578	Pfam	PF13905	Thioredoxin-like	43	135	3.5E-26	T	24-02-2017	IPR012336	Thioredoxin-like fold
AT1G60420.1	0d31238a414f954948ce9b6f3d7fa4c5	578	Pfam	PF13905	Thioredoxin-like	203	295	1.6E-22	T	24-02-2017	IPR012336	Thioredoxin-like fold
AT1G60420.1	0d31238a414f954948ce9b6f3d7fa4c5	578	Pfam	PF13905	Thioredoxin-like	363	455	1.5E-27	T	24-02-2017	IPR012336	Thioredoxin-like fold
AT1G60420.1	0d31238a414f954948ce9b6f3d7fa4c5	578	SUPERFAMILY	SSF52833		28	137	1.39E-25	T	24-02-2017	IPR012336	Thioredoxin-like fold
AT1G15020.2	65c1f471d87803a8ce9d2d28346cf4b2	528	ProSitePatterns	PS00194	Thioredoxin family active site.	64	82	-	T	24-02-2017	IPR017937	Thioredoxin, conserved site
AT1G15020.2	65c1f471d87803a8ce9d2d28346cf4b2	528	SUPERFAMILY	SSF69000		296	400	1.1E-25	T	24-02-2017	IPR017905	ERV/ALR sulfhydryl oxidase domain
AT1G15020.2	65c1f471d87803a8ce9d2d28346cf4b2	528	ProSiteProfiles	PS51352	Thioredoxin domain profile.	35	170	11.496	T	24-02-2017	IPR013766	Thioredoxin domain
AT1G15020.2	65c1f471d87803a8ce9d2d28346cf4b2	528	Pfam	PF04777	Erv1 / Alr family	304	397	1.3E-19	T	24-02-2017	IPR017905	ERV/ALR sulfhydryl oxidase domain
AT1G15020.2	65c1f471d87803a8ce9d2d28346cf4b2	528	SUPERFAMILY	SSF52833		41	170	1.08E-17	T	24-02-2017	IPR012336	Thioredoxin-like fold
AT1G15020.2	65c1f471d87803a8ce9d2d28346cf4b2	528	ProSiteProfiles	PS51324	ERV/ALR sulfhydryl oxidase domain profile.	295	397	23.662	T	24-02-2017	IPR017905	ERV/ALR sulfhydryl oxidase domain
AT1G15020.2	65c1f471d87803a8ce9d2d28346cf4b2	528	Pfam	PF00085	Thioredoxin	44	142	1.2E-11	T	24-02-2017	IPR013766	Thioredoxin domain
AT5G16400.1	c2ea422318fac4f69295a82ca340a5f6	185	SUPERFAMILY	SSF52833		73	182	3.79E-31	T	24-02-2017	IPR012336	Thioredoxin-like fold
AT5G16400.1	c2ea422318fac4f69295a82ca340a5f6	185	Pfam	PF00085	Thioredoxin	80	180	3.1E-24	T	24-02-2017	IPR013766	Thioredoxin domain
AT5G16400.1	c2ea422318fac4f69295a82ca340a5f6	185	ProSiteProfiles	PS51352	Thioredoxin domain profile.	59	184	13.66	T	24-02-2017	IPR013766	Thioredoxin domain
AT5G16400.1	c2ea422318fac4f69295a82ca340a5f6	185	ProSitePatterns	PS00194	Thioredoxin family active site.	101	119	-	T	24-02-2017	IPR017937	Thioredoxin, conserved site
AT1G76760.1	b895fc68903c4754f72df91711b45e14	172	ProSitePatterns	PS00194	Thioredoxin family active site.	85	103	-	T	24-02-2017	IPR017937	Thioredoxin, conserved site
AT1G76760.1	b895fc68903c4754f72df91711b45e14	172	ProSiteProfiles	PS51352	Thioredoxin domain profile.	5	169	15.705	T	24-02-2017	IPR013766	Thioredoxin domain
AT1G76760.1	b895fc68903c4754f72df91711b45e14	172	Pfam	PF00085	Thioredoxin	68	165	4.1E-30	T	24-02-2017	IPR013766	Thioredoxin domain
AT1G76760.1	b895fc68903c4754f72df91711b45e14	172	SUPERFAMILY	SSF52833		69	169	1.78E-35	T	24-02-2017	IPR012336	Thioredoxin-like fold
AT4G03520.2	cf175bf81bb08026dfcc695831bd027c	72	Pfam	PF00085	Thioredoxin	1	69	9.0E-15	T	24-02-2017	IPR013766	Thioredoxin domain
AT4G03520.2	cf175bf81bb08026dfcc695831bd027c	72	SUPERFAMILY	SSF52833		1	71	3.15E-19	T	24-02-2017	IPR012336	Thioredoxin-like fold
AT3G16110.1	937562c76354c87ba72eb9d3db9393d6	534	SUPERFAMILY	SSF52833		415	523	1.42E-19	T	24-02-2017	IPR012336	Thioredoxin-like fold
AT3G16110.1	937562c76354c87ba72eb9d3db9393d6	534	Coils	Coil		39	59	-	T	24-02-2017
AT3G16110.1	937562c76354c87ba72eb9d3db9393d6	534	Pfam	PF00085	Thioredoxin	79	179	2.9E-15	T	24-02-2017	IPR013766	Thioredoxin domain
AT3G16110.1	937562c76354c87ba72eb9d3db9393d6	534	Pfam	PF00085	Thioredoxin	418	517	4.2E-14	T	24-02-2017	IPR013766	Thioredoxin domain
AT3G16110.1	937562c76354c87ba72eb9d3db9393d6	534	ProSiteProfiles	PS51352	Thioredoxin domain profile.	56	182	10.563	T	24-02-2017	IPR013766	Thioredoxin domain
AT3G16110.1	937562c76354c87ba72eb9d3db9393d6	534	SUPERFAMILY	SSF52833		285	415	3.65E-15	T	24-02-2017	IPR012336	Thioredoxin-like fold
AT3G16110.1	937562c76354c87ba72eb9d3db9393d6	534	SUPERFAMILY	SSF52833		186	297	1.49E-11	T	24-02-2017	IPR012336	Thioredoxin-like fold
AT3G16110.1	937562c76354c87ba72eb9d3db9393d6	534	SUPERFAMILY	SSF52833		74	182	3.75E-25	T	24-02-2017	IPR012336	Thioredoxin-like fold
AT3G16110.1	937562c76354c87ba72eb9d3db9393d6	534	Pfam	PF13848	Thioredoxin-like domain	213	393	2.1E-18	T	24-02-2017
AT3G16110.1	937562c76354c87ba72eb9d3db9393d6	534	ProSiteProfiles	PS51352	Thioredoxin domain profile.	407	524	9.312	T	24-02-2017	IPR013766	Thioredoxin domain
AT3G25580.1	fa960041b0fcb83f73d14bd87281298a	210	Pfam	PF00085	Thioredoxin	72	154	1.7E-7	T	24-02-2017	IPR013766	Thioredoxin domain
AT3G25580.1	fa960041b0fcb83f73d14bd87281298a	210	Coils	Coil		39	59	-	T	24-02-2017
AT3G25580.1	fa960041b0fcb83f73d14bd87281298a	210	SUPERFAMILY	SSF52833		6	179	2.16E-39	T	24-02-2017	IPR012336	Thioredoxin-like fold
AT3G25580.1	fa960041b0fcb83f73d14bd87281298a	210	Coils	Coil		17	37	-	T	24-02-2017
AT1G19730.1	67ea8f9078db9a10f8116d4badac4324	119	Pfam	PF00085	Thioredoxin	13	113	4.6E-29	T	24-02-2017	IPR013766	Thioredoxin domain
AT1G19730.1	67ea8f9078db9a10f8116d4badac4324	119	ProSiteProfiles	PS51352	Thioredoxin domain profile.	1	115	14.838	T	24-02-2017	IPR013766	Thioredoxin domain
AT1G19730.1	67ea8f9078db9a10f8116d4badac4324	119	ProSitePatterns	PS00194	Thioredoxin family active site.	32	50	-	T	24-02-2017	IPR017937	Thioredoxin, conserved site
AT1G19730.1	67ea8f9078db9a10f8116d4badac4324	119	SUPERFAMILY	SSF52833		20	114	1.58E-32	T	24-02-2017	IPR012336	Thioredoxin-like fold
AT1G03680.1	a5af28e643f263ae9a0a11226ee61e5b	179	SUPERFAMILY	SSF52833		72	179	1.36E-39	T	24-02-2017	IPR012336	Thioredoxin-like fold
AT1G03680.1	a5af28e643f263ae9a0a11226ee61e5b	179	ProSiteProfiles	PS51352	Thioredoxin domain profile.	67	179	13.574	T	24-02-2017	IPR013766	Thioredoxin domain
AT1G03680.1	a5af28e643f263ae9a0a11226ee61e5b	179	ProSitePatterns	PS00194	Thioredoxin family active site.	96	114	-	T	24-02-2017	IPR017937	Thioredoxin, conserved site
AT1G03680.1	a5af28e643f263ae9a0a11226ee61e5b	179	Pfam	PF00085	Thioredoxin	78	177	1.4E-32	T	24-02-2017	IPR013766	Thioredoxin domain
AT4G37200.1	eb6a0517224744baa1975487396e22f6	261	Pfam	PF00085	Thioredoxin	131	225	7.4E-21	T	24-02-2017	IPR013766	Thioredoxin domain
AT4G37200.1	eb6a0517224744baa1975487396e22f6	261	SUPERFAMILY	SSF52833		131	230	6.37E-24	T	24-02-2017	IPR012336	Thioredoxin-like fold
AT4G37200.1	eb6a0517224744baa1975487396e22f6	261	ProSiteProfiles	PS51352	Thioredoxin domain profile.	101	229	14.818	T	24-02-2017	IPR013766	Thioredoxin domain
AT3G08710.1	49c165e1d90835d831c3bda391b47337	140	Pfam	PF00085	Thioredoxin	28	126	1.5E-23	T	24-02-2017	IPR013766	Thioredoxin domain
AT3G08710.1	49c165e1d90835d831c3bda391b47337	140	ProSiteProfiles	PS51352	Thioredoxin domain profile.	19	131	11.125	T	24-02-2017	IPR013766	Thioredoxin domain
AT3G08710.1	49c165e1d90835d831c3bda391b47337	140	ProSitePatterns	PS00194	Thioredoxin family active site.	49	67	-	T	24-02-2017	IPR017937	Thioredoxin, conserved site
AT3G08710.1	49c165e1d90835d831c3bda391b47337	140	SUPERFAMILY	SSF52833		21	132	1.31E-31	T	24-02-2017	IPR012336	Thioredoxin-like fold
AT5G18120.1	928e76110f5237136eced56f2cf3ce78	289	SUPERFAMILY	SSF52833		41	155	7.93E-14	T	24-02-2017	IPR012336	Thioredoxin-like fold
AT5G18120.1	928e76110f5237136eced56f2cf3ce78	289	Pfam	PF00085	Thioredoxin	71	153	6.6E-5	T	24-02-2017	IPR013766	Thioredoxin domain
AT4G04610.1	d21ee764d1ac809ea7b2fbba922139c7	465	SUPERFAMILY	SSF52833		353	462	2.32E-22	T	24-02-2017	IPR012336	Thioredoxin-like fold
AT4G04610.1	d21ee764d1ac809ea7b2fbba922139c7	465	ProSiteProfiles	PS51352	Thioredoxin domain profile.	344	465	11.675	T	24-02-2017	IPR013766	Thioredoxin domain
AT4G04610.1	d21ee764d1ac809ea7b2fbba922139c7	465	SUPERFAMILY	SSF52402		93	288	4.0E-42	T	24-02-2017
AT4G04610.1	d21ee764d1ac809ea7b2fbba922139c7	465	Pfam	PF00085	Thioredoxin	369	461	3.8E-12	T	24-02-2017	IPR013766	Thioredoxin domain
AT4G04610.1	d21ee764d1ac809ea7b2fbba922139c7	465	Pfam	PF01507	Phosphoadenosine phosphosulfate reductase family	120	300	9.5E-43	T	24-02-2017	IPR002500	Phosphoadenosine phosphosulphate reductase
AT1G43560.1	4613d1279539bdbdbb403456f3f96623	167	ProSiteProfiles	PS51352	Thioredoxin domain profile.	46	164	16.135	T	24-02-2017	IPR013766	Thioredoxin domain
AT1G43560.1	4613d1279539bdbdbb403456f3f96623	167	SUPERFAMILY	SSF52833		64	163	9.58E-36	T	24-02-2017	IPR012336	Thioredoxin-like fold
AT1G43560.1	4613d1279539bdbdbb403456f3f96623	167	ProSitePatterns	PS00194	Thioredoxin family active site.	80	98	-	T	24-02-2017	IPR017937	Thioredoxin, conserved site
AT1G43560.1	4613d1279539bdbdbb403456f3f96623	167	Pfam	PF00085	Thioredoxin	64	160	6.0E-30	T	24-02-2017	IPR013766	Thioredoxin domain
AT3G20560.1	3543376575c0527a89d83600aa0c2d27	483	Pfam	PF00085	Thioredoxin	147	242	3.3E-13	T	24-02-2017	IPR013766	Thioredoxin domain
AT3G20560.1	3543376575c0527a89d83600aa0c2d27	483	SUPERFAMILY	SSF52833		137	260	6.12E-24	T	24-02-2017	IPR012336	Thioredoxin-like fold
AT3G20560.1	3543376575c0527a89d83600aa0c2d27	483	Pfam	PF07970	Endoplasmic reticulum vesicle transporter	287	464	1.3E-26	T	24-02-2017	IPR012936	Endoplasmic reticulum vesicle transporter, C-terminal
AT3G20560.1	3543376575c0527a89d83600aa0c2d27	483	ProSiteProfiles	PS51352	Thioredoxin domain profile.	133	263	10.271	T	24-02-2017	IPR013766	Thioredoxin domain
AT3G20560.1	3543376575c0527a89d83600aa0c2d27	483	Pfam	PF13850	Endoplasmic Reticulum-Golgi Intermediate Compartment (ERGIC)	7	97	1.1E-24	T	24-02-2017
AT1G69880.1	39c5dd8c12d6f9d6173229e3c9358d2a	148	SUPERFAMILY	SSF52833		28	145	8.21E-30	T	24-02-2017	IPR012336	Thioredoxin-like fold
AT1G69880.1	39c5dd8c12d6f9d6173229e3c9358d2a	148	ProSitePatterns	PS00194	Thioredoxin family active site.	63	81	-	T	24-02-2017	IPR017937	Thioredoxin, conserved site
AT1G69880.1	39c5dd8c12d6f9d6173229e3c9358d2a	148	ProSiteProfiles	PS51352	Thioredoxin domain profile.	1	145	13.27	T	24-02-2017	IPR013766	Thioredoxin domain
AT1G69880.1	39c5dd8c12d6f9d6173229e3c9358d2a	148	Pfam	PF00085	Thioredoxin	47	142	2.5E-23	T	24-02-2017	IPR013766	Thioredoxin domain
AT2G15570.1	b59b2c26145c82fedd7d21c5595b0c6f	173	Pfam	PF00085	Thioredoxin	70	168	5.6E-23	T	24-02-2017	IPR013766	Thioredoxin domain
AT2G15570.1	b59b2c26145c82fedd7d21c5595b0c6f	173	ProSiteProfiles	PS51352	Thioredoxin domain profile.	47	173	12.283	T	24-02-2017	IPR013766	Thioredoxin domain
AT2G15570.1	b59b2c26145c82fedd7d21c5595b0c6f	173	SUPERFAMILY	SSF52833		60	172	4.9E-29	T	24-02-2017	IPR012336	Thioredoxin-like fold
AT2G15570.1	b59b2c26145c82fedd7d21c5595b0c6f	173	ProSitePatterns	PS00194	Thioredoxin family active site.	88	106	-	T	24-02-2017	IPR017937	Thioredoxin, conserved site
AT5G60640.3	0702ee30f079c7c6a72e782fa250832d	533	SUPERFAMILY	SSF52833		96	208	5.79E-37	T	24-02-2017	IPR012336	Thioredoxin-like fold
AT5G60640.3	0702ee30f079c7c6a72e782fa250832d	533	SUPERFAMILY	SSF52833		373	485	2.48E-28	T	24-02-2017	IPR012336	Thioredoxin-like fold
AT5G60640.3	0702ee30f079c7c6a72e782fa250832d	533	ProSitePatterns	PS00194	Thioredoxin family active site.	399	417	-	T	24-02-2017	IPR017937	Thioredoxin, conserved site
AT5G60640.3	0702ee30f079c7c6a72e782fa250832d	533	ProSiteProfiles	PS51352	Thioredoxin domain profile.	365	486	12.482	T	24-02-2017	IPR013766	Thioredoxin domain
AT5G60640.3	0702ee30f079c7c6a72e782fa250832d	533	Pfam	PF13848	Thioredoxin-like domain	248	365	3.7E-18	T	24-02-2017
AT5G60640.3	0702ee30f079c7c6a72e782fa250832d	533	ProSiteProfiles	PS51352	Thioredoxin domain profile.	85	208	17.347	T	24-02-2017	IPR013766	Thioredoxin domain
AT5G60640.3	0702ee30f079c7c6a72e782fa250832d	533	ProSitePatterns	PS00194	Thioredoxin family active site.	124	142	-	T	24-02-2017	IPR017937	Thioredoxin, conserved site
AT5G60640.3	0702ee30f079c7c6a72e782fa250832d	533	Pfam	PF00085	Thioredoxin	379	477	3.3E-21	T	24-02-2017	IPR013766	Thioredoxin domain
AT5G60640.3	0702ee30f079c7c6a72e782fa250832d	533	Pfam	PF00085	Thioredoxin	105	205	1.4E-31	T	24-02-2017	IPR013766	Thioredoxin domain
AT5G60640.3	0702ee30f079c7c6a72e782fa250832d	533	SUPERFAMILY	SSF52833		212	322	8.59E-15	T	24-02-2017	IPR012336	Thioredoxin-like fold
AT4G32580.1	74068de310d2100ff88c5e5fdfd6c17b	160	ProSiteProfiles	PS51352	Thioredoxin domain profile.	1	107	9.497	T	24-02-2017	IPR013766	Thioredoxin domain
AT4G32580.1	74068de310d2100ff88c5e5fdfd6c17b	160	Pfam	PF00085	Thioredoxin	16	102	3.2E-15	T	24-02-2017	IPR013766	Thioredoxin domain
AT4G32580.1	74068de310d2100ff88c5e5fdfd6c17b	160	SUPERFAMILY	SSF52833		2	95	7.49E-26	T	24-02-2017	IPR012336	Thioredoxin-like fold
AT5G06430.1	5088447f3d124145c9d52c5cecce54ba	194	SUPERFAMILY	SSF52833		87	167	1.27E-8	T	24-02-2017	IPR012336	Thioredoxin-like fold
AT5G06430.1	5088447f3d124145c9d52c5cecce54ba	194	Pfam	PF00085	Thioredoxin	84	178	1.1E-7	T	24-02-2017	IPR013766	Thioredoxin domain
AT1G62180.2	f21dfbb3e78eb90aec4fd37fe3cfda7d	447	SUPERFAMILY	SSF52402		79	273	1.1E-42	T	24-02-2017
AT1G62180.2	f21dfbb3e78eb90aec4fd37fe3cfda7d	447	Pfam	PF01507	Phosphoadenosine phosphosulfate reductase family	105	285	3.5E-44	T	24-02-2017	IPR002500	Phosphoadenosine phosphosulphate reductase
AT1G62180.2	f21dfbb3e78eb90aec4fd37fe3cfda7d	447	ProSiteProfiles	PS51352	Thioredoxin domain profile.	326	447	12.303	T	24-02-2017	IPR013766	Thioredoxin domain
AT1G62180.2	f21dfbb3e78eb90aec4fd37fe3cfda7d	447	Pfam	PF00085	Thioredoxin	351	443	1.5E-11	T	24-02-2017	IPR013766	Thioredoxin domain
AT1G62180.2	f21dfbb3e78eb90aec4fd37fe3cfda7d	447	SUPERFAMILY	SSF52833		334	444	1.69E-21	T	24-02-2017	IPR012336	Thioredoxin-like fold
AT2G47470.2	209e9291d2da0982f4329d8f6fa4c8ca	266	ProSiteProfiles	PS51352	Thioredoxin domain profile.	16	131	16.956	T	24-02-2017	IPR013766	Thioredoxin domain
AT2G47470.2	209e9291d2da0982f4329d8f6fa4c8ca	266	ProSiteProfiles	PS51352	Thioredoxin domain profile.	132	250	16.645	T	24-02-2017	IPR013766	Thioredoxin domain
AT2G47470.2	209e9291d2da0982f4329d8f6fa4c8ca	266	SUPERFAMILY	SSF52833		19	128	2.16E-37	T	24-02-2017	IPR012336	Thioredoxin-like fold
AT2G47470.2	209e9291d2da0982f4329d8f6fa4c8ca	266	SUPERFAMILY	SSF52833		141	251	4.82E-39	T	24-02-2017	IPR012336	Thioredoxin-like fold
AT2G47470.2	209e9291d2da0982f4329d8f6fa4c8ca	266	Pfam	PF00085	Thioredoxin	25	128	5.8E-33	T	24-02-2017	IPR013766	Thioredoxin domain
AT2G47470.2	209e9291d2da0982f4329d8f6fa4c8ca	266	Pfam	PF00085	Thioredoxin	143	247	2.4E-33	T	24-02-2017	IPR013766	Thioredoxin domain
AT2G47470.2	209e9291d2da0982f4329d8f6fa4c8ca	266	ProSitePatterns	PS00194	Thioredoxin family active site.	163	181	-	T	24-02-2017	IPR017937	Thioredoxin, conserved site
AT2G47470.2	209e9291d2da0982f4329d8f6fa4c8ca	266	ProSitePatterns	PS00194	Thioredoxin family active site.	44	62	-	T	24-02-2017	IPR017937	Thioredoxin, conserved site
AT4G31240.1	2550c878129719c7475ea27fbf0536fe	392	ProSiteProfiles	PS51352	Thioredoxin domain profile.	17	171	9.325	T	24-02-2017	IPR013766	Thioredoxin domain
AT4G31240.1	2550c878129719c7475ea27fbf0536fe	392	SUPERFAMILY	SSF57889		335	384	3.44E-11	T	24-02-2017
AT4G31240.1	2550c878129719c7475ea27fbf0536fe	392	Pfam	PF03107	C1 domain	343	384	1.5E-6	T	24-02-2017	IPR004146	DC1
AT4G31240.1	2550c878129719c7475ea27fbf0536fe	392	SUPERFAMILY	SSF52833		30	140	2.04E-15	T	24-02-2017	IPR012336	Thioredoxin-like fold
AT4G31240.1	2550c878129719c7475ea27fbf0536fe	392	SUPERFAMILY	SSF52833		188	300	9.55E-17	T	24-02-2017	IPR012336	Thioredoxin-like fold
AT4G31240.1	2550c878129719c7475ea27fbf0536fe	392	Pfam	PF13905	Thioredoxin-like	43	130	5.5E-22	T	24-02-2017	IPR012336	Thioredoxin-like fold
AT4G31240.1	2550c878129719c7475ea27fbf0536fe	392	Pfam	PF13905	Thioredoxin-like	203	295	4.9E-22	T	24-02-2017	IPR012336	Thioredoxin-like fold
AT4G27080.2	29afa3539d90793c8cf06bd4716f3b65	532	Pfam	PF07970	Endoplasmic reticulum vesicle transporter	334	513	4.7E-30	T	24-02-2017	IPR012936	Endoplasmic reticulum vesicle transporter, C-terminal
AT4G27080.2	29afa3539d90793c8cf06bd4716f3b65	532	ProSiteProfiles	PS51352	Thioredoxin domain profile.	172	315	11.562	T	24-02-2017	IPR013766	Thioredoxin domain
AT4G27080.2	29afa3539d90793c8cf06bd4716f3b65	532	Pfam	PF13850	Endoplasmic Reticulum-Golgi Intermediate Compartment (ERGIC)	66	149	1.8E-19	T	24-02-2017
AT4G27080.2	29afa3539d90793c8cf06bd4716f3b65	532	SUPERFAMILY	SSF52833		196	315	3.62E-27	T	24-02-2017	IPR012336	Thioredoxin-like fold
AT4G27080.2	29afa3539d90793c8cf06bd4716f3b65	532	Pfam	PF00085	Thioredoxin	198	291	2.4E-18	T	24-02-2017	IPR013766	Thioredoxin domain
AT1G77510.1	54e04c6153cd13b68cdfebf270198f09	508	ProSiteProfiles	PS51352	Thioredoxin domain profile.	336	480	15.917	T	24-02-2017	IPR013766	Thioredoxin domain
AT1G77510.1	54e04c6153cd13b68cdfebf270198f09	508	SUPERFAMILY	SSF52833		337	481	4.38E-33	T	24-02-2017	IPR012336	Thioredoxin-like fold
AT1G77510.1	54e04c6153cd13b68cdfebf270198f09	508	ProSitePatterns	PS00194	Thioredoxin family active site.	394	412	-	T	24-02-2017	IPR017937	Thioredoxin, conserved site
AT1G77510.1	54e04c6153cd13b68cdfebf270198f09	508	ProSitePatterns	PS00194	Thioredoxin family active site.	50	68	-	T	24-02-2017	IPR017937	Thioredoxin, conserved site
AT1G77510.1	54e04c6153cd13b68cdfebf270198f09	508	Pfam	PF13848	Thioredoxin-like domain	167	349	2.0E-19	T	24-02-2017
AT1G77510.1	54e04c6153cd13b68cdfebf270198f09	508	Pfam	PF00085	Thioredoxin	374	477	7.8E-25	T	24-02-2017	IPR013766	Thioredoxin domain
AT1G77510.1	54e04c6153cd13b68cdfebf270198f09	508	Pfam	PF00085	Thioredoxin	31	137	6.6E-29	T	24-02-2017	IPR013766	Thioredoxin domain
AT1G77510.1	54e04c6153cd13b68cdfebf270198f09	508	SUPERFAMILY	SSF52833		240	371	2.32E-17	T	24-02-2017	IPR012336	Thioredoxin-like fold
AT1G77510.1	54e04c6153cd13b68cdfebf270198f09	508	SUPERFAMILY	SSF52833		31	141	1.04E-33	T	24-02-2017	IPR012336	Thioredoxin-like fold
AT1G77510.1	54e04c6153cd13b68cdfebf270198f09	508	ProSiteProfiles	PS51352	Thioredoxin domain profile.	13	140	14.434	T	24-02-2017	IPR013766	Thioredoxin domain
AT1G77510.1	54e04c6153cd13b68cdfebf270198f09	508	SUPERFAMILY	SSF52833		144	250	9.54E-16	T	24-02-2017	IPR012336	Thioredoxin-like fold
AT1G53300.1	525806c66306892e780d02d7e6b389d8	699	Pfam	PF00515	Tetratricopeptide repeat	499	532	8.5E-7	T	24-02-2017	IPR001440	Tetratricopeptide repeat 1
AT1G53300.1	525806c66306892e780d02d7e6b389d8	699	ProSiteProfiles	PS50005	TPR repeat profile.	261	294	5.546	T	24-02-2017	IPR019734	Tetratricopeptide repeat
AT1G53300.1	525806c66306892e780d02d7e6b389d8	699	ProSiteProfiles	PS50005	TPR repeat profile.	227	260	10.502	T	24-02-2017	IPR019734	Tetratricopeptide repeat
AT1G53300.1	525806c66306892e780d02d7e6b389d8	699	Pfam	PF13181	Tetratricopeptide repeat	420	451	3.2E-4	T	24-02-2017	IPR019734	Tetratricopeptide repeat
AT1G53300.1	525806c66306892e780d02d7e6b389d8	699	ProSiteProfiles	PS50293	TPR repeat region circular profile.	419	566	17.311	T	24-02-2017	IPR013026	Tetratricopeptide repeat-containing domain
AT1G53300.1	525806c66306892e780d02d7e6b389d8	699	Pfam	PF00085	Thioredoxin	605	691	7.0E-12	T	24-02-2017	IPR013766	Thioredoxin domain
AT1G53300.1	525806c66306892e780d02d7e6b389d8	699	ProSiteProfiles	PS50293	TPR repeat region circular profile.	227	318	15.93	T	24-02-2017	IPR013026	Tetratricopeptide repeat-containing domain
AT1G53300.1	525806c66306892e780d02d7e6b389d8	699	ProSiteProfiles	PS50005	TPR repeat profile.	499	532	7.405	T	24-02-2017	IPR019734	Tetratricopeptide repeat
AT1G53300.1	525806c66306892e780d02d7e6b389d8	699	ProSiteProfiles	PS50005	TPR repeat profile.	465	498	7.11	T	24-02-2017	IPR019734	Tetratricopeptide repeat
AT1G53300.1	525806c66306892e780d02d7e6b389d8	699	Pfam	PF13414	TPR repeat	234	271	8.9E-7	T	24-02-2017	IPR011990	Tetratricopeptide-like helical domain
AT1G53300.1	525806c66306892e780d02d7e6b389d8	699	SUPERFAMILY	SSF48452		227	319	5.8E-26	T	24-02-2017	IPR011990	Tetratricopeptide-like helical domain
AT1G53300.1	525806c66306892e780d02d7e6b389d8	699	SUPERFAMILY	SSF48452		371	452	5.8E-26	T	24-02-2017	IPR011990	Tetratricopeptide-like helical domain
AT1G53300.1	525806c66306892e780d02d7e6b389d8	699	ProSiteProfiles	PS50005	TPR repeat profile.	419	452	7.641	T	24-02-2017	IPR019734	Tetratricopeptide repeat
AT1G53300.1	525806c66306892e780d02d7e6b389d8	699	SUPERFAMILY	SSF52833		502	697	2.46E-31	T	24-02-2017	IPR012336	Thioredoxin-like fold
AT4G27080.1	5143140fa69df147e26dc9add0870a06	480	ProSiteProfiles	PS51352	Thioredoxin domain profile.	120	263	11.562	T	24-02-2017	IPR013766	Thioredoxin domain
AT4G27080.1	5143140fa69df147e26dc9add0870a06	480	Pfam	PF13850	Endoplasmic Reticulum-Golgi Intermediate Compartment (ERGIC)	7	97	5.4E-23	T	24-02-2017
AT4G27080.1	5143140fa69df147e26dc9add0870a06	480	SUPERFAMILY	SSF52833		144	263	2.88E-27	T	24-02-2017	IPR012336	Thioredoxin-like fold
AT4G27080.1	5143140fa69df147e26dc9add0870a06	480	Pfam	PF07970	Endoplasmic reticulum vesicle transporter	282	461	3.8E-30	T	24-02-2017	IPR012936	Endoplasmic reticulum vesicle transporter, C-terminal
AT4G27080.1	5143140fa69df147e26dc9add0870a06	480	Pfam	PF00085	Thioredoxin	146	239	2.0E-18	T	24-02-2017	IPR013766	Thioredoxin domain
AT1G35620.1	2d0d844897d6ddbb281cb4671a4482d8	440	ProSitePatterns	PS00194	Thioredoxin family active site.	53	71	-	T	24-02-2017	IPR017937	Thioredoxin, conserved site
AT1G35620.1	2d0d844897d6ddbb281cb4671a4482d8	440	Pfam	PF00085	Thioredoxin	34	136	7.2E-25	T	24-02-2017	IPR013766	Thioredoxin domain
AT1G35620.1	2d0d844897d6ddbb281cb4671a4482d8	440	Pfam	PF13848	Thioredoxin-like domain	181	327	2.7E-12	T	24-02-2017
AT1G35620.1	2d0d844897d6ddbb281cb4671a4482d8	440	SUPERFAMILY	SSF52833		29	137	2.2E-30	T	24-02-2017	IPR012336	Thioredoxin-like fold
AT1G35620.1	2d0d844897d6ddbb281cb4671a4482d8	440	ProSiteProfiles	PS51352	Thioredoxin domain profile.	16	139	13.369	T	24-02-2017	IPR013766	Thioredoxin domain
AT2G15570.2	994f630924974b730924a157ce5ac1aa	174	ProSiteProfiles	PS51352	Thioredoxin domain profile.	47	174	12.25	T	24-02-2017	IPR013766	Thioredoxin domain
AT2G15570.2	994f630924974b730924a157ce5ac1aa	174	Pfam	PF00085	Thioredoxin	70	169	5.6E-23	T	24-02-2017	IPR013766	Thioredoxin domain
AT2G15570.2	994f630924974b730924a157ce5ac1aa	174	SUPERFAMILY	SSF52833		69	173	1.39E-28	T	24-02-2017	IPR012336	Thioredoxin-like fold
AT2G15570.2	994f630924974b730924a157ce5ac1aa	174	ProSitePatterns	PS00194	Thioredoxin family active site.	89	107	-	T	24-02-2017	IPR017937	Thioredoxin, conserved site
AT1G34780.1	c08d64138154665147ca94874cb4ac12	310	SUPERFAMILY	SSF52833		77	168	6.68E-14	T	24-02-2017	IPR012336	Thioredoxin-like fold
AT1G34780.1	c08d64138154665147ca94874cb4ac12	310	Pfam	PF00085	Thioredoxin	82	162	7.4E-9	T	24-02-2017	IPR013766	Thioredoxin domain
AT1G34780.1	c08d64138154665147ca94874cb4ac12	310	ProSiteProfiles	PS51352	Thioredoxin domain profile.	49	168	9.04	T	24-02-2017	IPR013766	Thioredoxin domain
AT1G31020.1	a543300c5eecfe9cc23ae5107af545f5	159	SUPERFAMILY	SSF52833		44	147	7.35E-25	T	24-02-2017	IPR012336	Thioredoxin-like fold
AT1G31020.1	a543300c5eecfe9cc23ae5107af545f5	159	ProSiteProfiles	PS51352	Thioredoxin domain profile.	43	159	9.682	T	24-02-2017	IPR013766	Thioredoxin domain
AT1G31020.1	a543300c5eecfe9cc23ae5107af545f5	159	Pfam	PF00085	Thioredoxin	54	154	1.6E-18	T	24-02-2017	IPR013766	Thioredoxin domain
AT3G56420.1	90b785bdbf75d279f60d9904ce8d0489	154	Pfam	PF00085	Thioredoxin	49	142	1.2E-22	T	24-02-2017	IPR013766	Thioredoxin domain
AT3G56420.1	90b785bdbf75d279f60d9904ce8d0489	154	ProSiteProfiles	PS51352	Thioredoxin domain profile.	24	148	11.952	T	24-02-2017	IPR013766	Thioredoxin domain
AT3G56420.1	90b785bdbf75d279f60d9904ce8d0489	154	ProSitePatterns	PS00194	Thioredoxin family active site.	66	84	-	T	24-02-2017	IPR017937	Thioredoxin, conserved site
AT3G56420.1	90b785bdbf75d279f60d9904ce8d0489	154	SUPERFAMILY	SSF52833		38	136	2.93E-29	T	24-02-2017	IPR012336	Thioredoxin-like fold
AT3G03860.1	d219cff8150e52453825ebaa3e0b044f	300	ProSiteProfiles	PS51257	Prokaryotic membrane lipoprotein lipid attachment site profile.	1	17	5.0	T	24-02-2017
AT3G03860.1	d219cff8150e52453825ebaa3e0b044f	300	Pfam	PF00085	Thioredoxin	74	155	6.5E-8	T	24-02-2017	IPR013766	Thioredoxin domain
AT3G03860.1	d219cff8150e52453825ebaa3e0b044f	300	SUPERFAMILY	SSF52833		46	159	1.12E-16	T	24-02-2017	IPR012336	Thioredoxin-like fold
AT1G76020.1	8d57a46e1630bc461044b4689a4b2a5f	225	Pfam	PF13462	Thioredoxin	43	209	1.4E-7	T	24-02-2017	IPR012336	Thioredoxin-like fold
AT1G76020.1	8d57a46e1630bc461044b4689a4b2a5f	225	SUPERFAMILY	SSF52833		36	211	8.15E-15	T	24-02-2017	IPR012336	Thioredoxin-like fold
AT3G50960.1	5f2c264a555f24c0f7dc4b457af8bf8e	230	Pfam	PF00085	Thioredoxin	89	173	1.8E-6	T	24-02-2017	IPR013766	Thioredoxin domain
AT3G50960.1	5f2c264a555f24c0f7dc4b457af8bf8e	230	SUPERFAMILY	SSF52833		38	197	5.36E-39	T	24-02-2017	IPR012336	Thioredoxin-like fold
AT5G08290.1	a59b2ba8c079a4eb21b940a451f4f7bb	142	Pfam	PF02966	Mitosis protein DIM1	4	136	8.3E-67	T	24-02-2017	IPR004123	Dim1 family
AT5G08290.1	a59b2ba8c079a4eb21b940a451f4f7bb	142	SUPERFAMILY	SSF52833		4	137	1.03E-35	T	24-02-2017	IPR012336	Thioredoxin-like fold
AT1G20225.1	8d614e9da618be2c81f9040d6f379186	233	SUPERFAMILY	SSF52833		157	204	2.42E-19	T	24-02-2017	IPR012336	Thioredoxin-like fold
AT1G20225.1	8d614e9da618be2c81f9040d6f379186	233	SUPERFAMILY	SSF52833		9	123	2.42E-19	T	24-02-2017	IPR012336	Thioredoxin-like fold
AT1G20225.1	8d614e9da618be2c81f9040d6f379186	233	Pfam	PF13462	Thioredoxin	43	210	2.9E-9	T	24-02-2017	IPR012336	Thioredoxin-like fold
AT1G07700.2	fdd0c3830c2fd1f89468e51894bd1ee5	171	SUPERFAMILY	SSF52833		53	170	4.09E-13	T	24-02-2017	IPR012336	Thioredoxin-like fold
AT1G07700.2	fdd0c3830c2fd1f89468e51894bd1ee5	171	Pfam	PF00085	Thioredoxin	105	170	6.5E-8	T	24-02-2017	IPR013766	Thioredoxin domain
AT4G03200.1	e6344252867994632ede508ca1712fb9	818	SUPERFAMILY	SSF52833		79	223	3.48E-32	T	24-02-2017	IPR012336	Thioredoxin-like fold
AT4G03200.1	e6344252867994632ede508ca1712fb9	818	SUPERFAMILY	SSF48208		267	663	3.4E-69	T	24-02-2017	IPR008928	Six-hairpin glycosidase-like
AT4G03200.1	e6344252867994632ede508ca1712fb9	818	Pfam	PF03190	Protein of unknown function, DUF255	80	241	2.9E-75	T	24-02-2017	IPR004879	Domain of unknown function DUF255
AT2G18990.1	1ae58fd974adf94ec0e138ab921a0360	211	SUPERFAMILY	SSF52833		6	179	4.31E-39	T	24-02-2017	IPR012336	Thioredoxin-like fold
AT2G18990.1	1ae58fd974adf94ec0e138ab921a0360	211	Coils	Coil		39	59	-	T	24-02-2017
AT2G18990.1	1ae58fd974adf94ec0e138ab921a0360	211	Pfam	PF00085	Thioredoxin	72	154	2.0E-7	T	24-02-2017	IPR013766	Thioredoxin domain
AT2G18990.1	1ae58fd974adf94ec0e138ab921a0360	211	Coils	Coil		17	37	-	T	24-02-2017
AT1G52260.1	510e13f96e94be6ee12016900bfc78fe	537	ProSiteProfiles	PS51352	Thioredoxin domain profile.	380	526	9.722	T	24-02-2017	IPR013766	Thioredoxin domain
AT1G52260.1	510e13f96e94be6ee12016900bfc78fe	537	ProSiteProfiles	PS51352	Thioredoxin domain profile.	58	184	10.126	T	24-02-2017	IPR013766	Thioredoxin domain
AT1G52260.1	510e13f96e94be6ee12016900bfc78fe	537	SUPERFAMILY	SSF52833		286	415	1.16E-14	T	24-02-2017	IPR012336	Thioredoxin-like fold
AT1G52260.1	510e13f96e94be6ee12016900bfc78fe	537	SUPERFAMILY	SSF52833		417	523	1.65E-21	T	24-02-2017	IPR012336	Thioredoxin-like fold
AT1G52260.1	510e13f96e94be6ee12016900bfc78fe	537	SUPERFAMILY	SSF52833		76	184	4.8E-24	T	24-02-2017	IPR012336	Thioredoxin-like fold
AT1G52260.1	510e13f96e94be6ee12016900bfc78fe	537	SUPERFAMILY	SSF52833		188	298	3.23E-13	T	24-02-2017	IPR012336	Thioredoxin-like fold
AT1G52260.1	510e13f96e94be6ee12016900bfc78fe	537	Pfam	PF00085	Thioredoxin	419	523	6.1E-13	T	24-02-2017	IPR013766	Thioredoxin domain
AT1G52260.1	510e13f96e94be6ee12016900bfc78fe	537	Pfam	PF00085	Thioredoxin	85	181	3.9E-16	T	24-02-2017	IPR013766	Thioredoxin domain
AT1G52260.1	510e13f96e94be6ee12016900bfc78fe	537	Pfam	PF13848	Thioredoxin-like domain	211	394	1.5E-17	T	24-02-2017
AT4G08930.1	02322bc76b374ce8b71d71aff761ef71	295	Pfam	PF00085	Thioredoxin	77	156	9.6E-8	T	24-02-2017	IPR013766	Thioredoxin domain
AT4G08930.1	02322bc76b374ce8b71d71aff761ef71	295	SUPERFAMILY	SSF52833		56	161	1.65E-15	T	24-02-2017	IPR012336	Thioredoxin-like fold
AT5G06690.1	27c432f70aadceb225827d05f0cd5f15	210	ProSiteProfiles	PS51352	Thioredoxin domain profile.	81	210	9.901	T	24-02-2017	IPR013766	Thioredoxin domain
AT5G06690.1	27c432f70aadceb225827d05f0cd5f15	210	SUPERFAMILY	SSF52833		94	207	2.72E-19	T	24-02-2017	IPR012336	Thioredoxin-like fold
AT5G06690.1	27c432f70aadceb225827d05f0cd5f15	210	Pfam	PF00085	Thioredoxin	116	193	4.0E-15	T	24-02-2017	IPR013766	Thioredoxin domain
AT1G11530.1	cd5938f7fb11c14c3f77e5a4759d5a10	118	SUPERFAMILY	SSF52833		3	111	6.77E-24	T	24-02-2017	IPR012336	Thioredoxin-like fold
AT1G11530.1	cd5938f7fb11c14c3f77e5a4759d5a10	118	ProSiteProfiles	PS51352	Thioredoxin domain profile.	1	110	8.643	T	24-02-2017	IPR013766	Thioredoxin domain
AT1G11530.1	cd5938f7fb11c14c3f77e5a4759d5a10	118	Pfam	PF00085	Thioredoxin	9	105	3.4E-18	T	24-02-2017	IPR013766	Thioredoxin domain
AT5G04260.1	158690c0ee865580749c12e79dfd452c	192	Pfam	PF00085	Thioredoxin	85	180	2.0E-14	T	24-02-2017	IPR013766	Thioredoxin domain
AT5G04260.1	158690c0ee865580749c12e79dfd452c	192	SUPERFAMILY	SSF52833		83	187	1.18E-19	T	24-02-2017	IPR012336	Thioredoxin-like fold
AT5G04260.1	158690c0ee865580749c12e79dfd452c	192	ProSiteProfiles	PS51352	Thioredoxin domain profile.	66	191	10.391	T	24-02-2017	IPR013766	Thioredoxin domain
AT5G61440.1	20d29f8c7244cc2293909b34175ca958	245	ProSiteProfiles	PS51352	Thioredoxin domain profile.	54	218	9.808	T	24-02-2017	IPR013766	Thioredoxin domain
AT5G61440.1	20d29f8c7244cc2293909b34175ca958	245	Pfam	PF00085	Thioredoxin	98	190	1.1E-14	T	24-02-2017	IPR013766	Thioredoxin domain
AT5G61440.1	20d29f8c7244cc2293909b34175ca958	245	SUPERFAMILY	SSF52833		78	193	2.28E-23	T	24-02-2017	IPR012336	Thioredoxin-like fold
AT3G51030.1	f51b5ba4a17d874ef3b34a9fdd68b922	114	ProSiteProfiles	PS51352	Thioredoxin domain profile.	1	114	13.792	T	24-02-2017	IPR013766	Thioredoxin domain
AT3G51030.1	f51b5ba4a17d874ef3b34a9fdd68b922	114	SUPERFAMILY	SSF52833		5	113	1.04E-33	T	24-02-2017	IPR012336	Thioredoxin-like fold
AT3G51030.1	f51b5ba4a17d874ef3b34a9fdd68b922	114	Pfam	PF00085	Thioredoxin	9	112	5.1E-33	T	24-02-2017	IPR013766	Thioredoxin domain
AT3G51030.1	f51b5ba4a17d874ef3b34a9fdd68b922	114	ProSitePatterns	PS00194	Thioredoxin family active site.	32	50	-	T	24-02-2017	IPR017937	Thioredoxin, conserved site
AT2G40790.1	60391000c706864c91f369ec3c7116da	154	SUPERFAMILY	SSF52833		35	136	1.32E-24	T	24-02-2017	IPR012336	Thioredoxin-like fold
AT2G40790.1	60391000c706864c91f369ec3c7116da	154	Pfam	PF00085	Thioredoxin	48	142	1.9E-18	T	24-02-2017	IPR013766	Thioredoxin domain
AT2G40790.1	60391000c706864c91f369ec3c7116da	154	ProSiteProfiles	PS51352	Thioredoxin domain profile.	23	148	10.463	T	24-02-2017	IPR013766	Thioredoxin domain
